:020000040800F2
:10000000181D00204D030008293F0008833E00080A
:10001000893E0008750A00088D660008000000008F
:10002000000000000000000000000000BD450008C6
:10003000790A0008000000002B3F0008BF450008B7
:1000400067030008670300086703000867030008E8
:1000500067030008670300086703000867030008D8
:1000600067030008670300086703000867030008C8
:1000700067030008670300086703000867030008B8
:1000800067030008670300086703000867030008A8
:100090006703000867030008670300086703000898
:1000A0006703000867030008670300086703000888
:1000B0006703000867030008670300086703000878
:1000C0006703000867030008670300086703000868
:1000D000670300087D6600086703000867030008DF
:1000E00067030008670300080000000067030008BA
:1000F0006703000867030008670300086703000838
:100100006703000867030008670300086703000827
:100110006703000867030008670300086703000817
:100120006703000867030008670300086703000807
:1001300067030008670300086703000867030008F7
:1001400000000000000000000000000000000000AF
:1001500067030008670300086703000867030008D7
:1001600067030008670300086703000867030008C7
:1001700067030008670300086703000867030008B7
:1001800067030008670300086703000867030008A7
:100190006703000867030008670300086703000897
:1001A0006703000867030008670300086703000887
:1001B0006703000867030008670300086703000877
:1001C0006703000867030008670300086703000867
:1001D0006703000867030008670300086703000857
:1001E0006703000867030008670300086703000847
:1001F0006703000867030008670300086703000837
:100200006703000867030008670300086703000826
:100210006703000867030008670300086703000816
:100220006703000867030008670300080000000078
:100230006703000867030008000000006703000868
:1002400067030008670300086703000867030008E6
:1002500067030008670300086703000867030008D6
:1002600067030008670300086703000867030008C6
:100270006703000867030008670300080000000028
:100280006703000867030008670300080000000018
:10029000000000006703000800F002F800F047F8D3
:1002A0000AA090E8000C82448344AAF10107DA45D1
:1002B00001D100F03CF8AFF2090EBAE80F0013F0DC
:1002C000010F18BFFB1A43F001031847880801000B
:1002D000A8080100103A24BF78C878C1FAD852079C
:1002E00024BF30C830C144BF04680C6070470000B0
:1002F0000023002400250026103A28BF78C1FBD82F
:10030000520728BF30C148BF0B607047752900F005
:100310000581782900F03E81732900F05E8300207A
:1003200070471FB50BF038FB1FBD10B510BD00F0B6
:100330006FFB1146FFF7F5FF0AF0DAFD00F08DFBC9
:1003400003B4FFF7F2FF03BC06F0C5F90948804784
:1003500009480047FEE7FEE7FEE7FEE7FEE7FEE7A7
:10036000FEE7FEE7FEE7FEE704480549054A064BBF
:1003700070470000C94500089902000818130020C2
:10038000181D00201815002018150020704753EA8A
:10039000020C00F069802DE9F04B4FF00006002BB5
:1003A0001FBFB3FA83F503FA05F424FA05F65E409D
:1003B00012BF1643B2FA82F502FA05F4C5F1200520
:1003C0001EBF22FA05FC44EA0C04203556EA044C10
:1003D0004FEA144418BF641C4FF000084FF00009A6
:1003E000904271EB030C39D3002919BFB1FA81F7A0
:1003F00001FA07F6B0FA80F700FA07F6C7F120070E
:100400001EBF20FA07FC46EA0C062037B6FBF4FCB8
:10041000A7EB0507103F07F01F0BCBF120060CFAE6
:100420000BFB2CFA06F644BFB3460026202FA4BFD0
:100430005E464FF0000B5BEA060C08BF4FF0010B65
:1004400019EB0B09ABFB027C48EB0608C01B06FB53
:1004500002CC0BFB03CC71EB0C01C1E70B4602464F
:1004600041464846BDE8F08B13B54FF000004FF011
:100470000001AFF30080BDE81C4070470FB4044991
:1004800010B503AA029800F0ADFA10BC5DF814FB99
:10049000200000200FB41CB50C0007AA009001D06A
:1004A0002044401E074B7B4469460190069800F0AB
:1004B00062FA002C03D06946002000F06FFA1CBCE1
:1004C0005DF814FBFD04000070B50C460546012ADA
:1004D00005D02878800600D5EA69002302E00123D0
:1004E00005E05B1C934202D2E05C0028F9D1A869C8
:1004F000E618C01AA861286A184428622846AFF393
:10050000008004E0D5E9012114F8010B9047B442C2
:10051000F8D32846AFF3008070BD00002DE9F0410C
:100520000646002410687529314616A510D0AFF391
:100530000080002802DA404213A507E031688A07EC
:1005400001D512A502E0490704D511A5012401E057
:10055000AFF3008000210A2206F1240709E0B0FB76
:10056000F2FCB0FBF2F302FB1C003030785418466A
:10057000491C0028F3D123462A463046BDE8F04105
:1005800000F09AB9000000002D0000002B000000D0
:100590002000000070B504460D4621461068AFF3F8
:1005A00000802188090502D50F4A7A4402E00E4AEC
:1005B0007A440E32002104F1240305E000F00F0616
:1005C0000009965D5E54491C0028F7D1207800236D
:1005D000000704D5702D02D009B102231132204644
:1005E000BDE8704000F068B96C0501002DE9F05FCE
:1005F000894604464FF0000ADFF874B1FB44C0F8A6
:1006000020A02046E1688847002874D0252806D01D
:10061000D4E901219047206A401C2062F1E70026BE
:100620005F462046E16888472028054607DB312DD4
:1006300005D2781910F8200C08B10643F1E7B0078D
:1006400001D526F00406C4F81CA00027C4F818A0A1
:100650002A2D09D0284606F037F838B304EB87086E
:10066000303DC8F8185019E059F8041B204604EB37
:1006700087029161E1688847012F054618D1E0693A
:10068000002820DA26F020061DE0D8F8180000EB3C
:10069000800005EB40003038C8F818002046E168BB
:1006A0008847054606F010F80028EED1012F0AD041
:1006B0002E2D08D12046E16888477F1C0546022F71
:1006C00046F02006C4DBA069002803DA404246F069
:1006D0000106A061F00701D026F010066C2D0BD0AA
:1006E000682D09D04C2D39D06A2D35D0742D35D0D8
:1006F0007A2D33D016E038E0E1682F46204688474F
:10070000B842054609D16C2F26D04FF48060E168CD
:10071000064320468847054604E06C2F1AD04FF464
:10072000807006430DB3A5F14100192802D8203589
:1007300046F400664A462946204626604E46FFF7A4
:10074000E5FD80B101280BD0F61D26F0070000F171
:10075000080956E74020E4E78020D8E70020D6E7E4
:1007600006F104094DE7284652E7206ABDE8F09FEC
:1007700042050100032A40F2308010F0030C00F023
:10078000158011F8013BBCF1020F624498BF11F8CB
:1007900001CB00F8013B38BF11F8013BA2F1040284
:1007A00098BF00F801CB38BF00F8013B11F00303FC
:1007B00000F02580083AC0F0088051F8043B083A60
:1007C00051F804CBA0E80810F5E7121D5CBF51F802
:1007D000043B40F8043BAFF30080D20724BF11F87C
:1007E000013B11F801CB48BF11F8012B24BF00F8E1
:1007F000013B00F801CB48BF00F8012B704710B552
:10080000203AC0F00B80B1E81850203AA0E8185008
:10081000B1E81850A0E81850BFF4F5AF5FEA027CC9
:1008200024BFB1E81850A0E8185044BF18C918C038
:10083000BDE810405FEA827C24BF51F8043B40F8D9
:10084000043B08BF7047D20728BF31F8023B48BFBE
:1008500011F8012B28BF20F8023B48BF00F8012BFC
:1008600070474FF0000200B5134694469646203973
:1008700022BFA0E80C50A0E80C50B1F12001BFF459
:10088000F7AF090728BFA0E80C5048BF0CC05DF8BF
:1008900004EB890028BF40F8042B08BF704748BF0D
:1008A00020F8022B11F0804F18BF00F8012B704781
:1008B00070477047704770472DE9F0470D469946DD
:1008C0009246044600F124080168880604D5E069D0
:1008D00021F01001216000E00120A84201DD471B4A
:1008E00000E00027A1697A1902EB0900081AA0614B
:1008F0002078C00602D42046AFF30080002608E02E
:10090000D4E901211AF806009047206A401C761CA1
:1009100020624E45F4DB2078C0060AD52046AFF3AE
:10092000008006E0D4E9012130209047206A401C75
:100930002062381EA7F10107F4DC07E0D4E90121A9
:1009400018F805009047206A401C2062281EA5F177
:100950000105F3DC2046AFF300802078000602D5C5
:100960000220BDE8F0870120FBE7000001694A1C76
:1009700002610878704700B58FB0CDE901310021E0
:10098000059105497944CDE9031011466846FFF702
:100990002DFE0FB000BD0000E5FFFFFF0A6802F862
:1009A000010B0A607047D1E900239A4202D2531C1E
:1009B0000B601070704710B5436913B1AFF300803E
:1009C00001E0FFF781FD012010BD127800F1240144
:1009D0000A7000224A700122EDE711684FF0FF32E1
:1009E000E9E70000074B70B50D467B44FFF7C3FFF6
:1009F0000446284600F008F810B14FF0FF3070BDF3
:100A0000204670BDEB6E0000007B00F08000704758
:100A1000754600F02BF8AE4605006946534620F0B7
:100A20000700854618B020B5FFF79EFCBDE82040C2
:100A30004FF000064FF000074FF000084FF0000B9A
:100A400021F00701AC46ACE8C009ACE8C009ACE84D
:100A5000C009ACE8C0098D46704710B50446AFF335
:100A600000802046BDE81040FFF76ABC0048704790
:100A7000B812002000BFFEE77047000070B50446C2
:100A8000B3F5804F13D1D1E9000540EA05108D6818
:100A900040EA05208D6928438D8940EA054054F8D5
:100AA0002250064E3540284344F8220003E06FF000
:100AB000704044F82200002070BD00000000F0CF1C
:100AC00030B50246086852F8200020F001000C689A
:100AD00042F824008868082801D1402300E0002360
:100AE000486818438C682043CC6820430C69204335
:100AF0004C6920438C692043CC6920430C6A204315
:100B00004C6A20438C6A2043CC6A20430C6B204300
:100B10004C6B20438C6B20430C6852F824400D4DE5
:100B20002C4020430C6842F82400086BB0F5801F6D
:100B300007D1086828B1106820F480100C6B20439E
:100B40001060086818B110684C6B204310600020DA
:100B500030BD00008004C0FF30B50346D1E9000578
:100B600040EA05108D6840EA05208D8940EA054578
:100B7000088A401E45EA0055087D801E45EA00604F
:100B80008D692843551C53F8255005F040452843EE
:100B9000551C43F82500186800F48010B0F5801F3C
:100BA0000BD1586820F47004088A401E44EA0054AF
:100BB000586820F4700020435860002030BD0000C9
:100BC00070B504460CB9012070BD94F835000228B8
:100BD00003D0802060650120F6E7DC492068884268
:100BE00049D0DA4918312068884244D0D749303199
:100BF000206888423FD0D5494831206888423AD0A1
:100C0000D24960312068884235D0D0497831206897
:100C1000884230D0CD499031206888422BD0CB49D2
:100C2000A8312068884226D0C9492068884222D04D
:100C3000C7491831206888421DD0C5493031206825
:100C4000884218D0C24948312068884213D0C04930
:100C50006031206888420ED0BD49783120688842D2
:100C600009D0BB4990312068884204D0B849A831E6
:100C70002068884201D1012000E00020F0B3042068
:100C800084F83500B149206888424BD0AF4918310B
:100C90002068884246D0AD4930312068884241D032
:100CA000AA494831206888423CD0A8496031206870
:100CB000884237D0A54978312068884232D0A3498C
:100CC0009031206888422DD0A049A8312068884200
:100CD00028D09F492068884224D09D491831206837
:100CE00088421FD09A493031206888421AD09849EA
:100CF00048312068884215D0954900E020E06031F5
:100D0000206888420ED0924978312068884209D004
:100D10008F4990312068884204D08D49A8312068DD
:100D2000884206D12068006820F001002168086030
:100D300009E12068006820F001002168086002E1F4
:100D40002068006820F00E00216808607F49206854
:100D5000884249D07D4918312068884244D07B4977
:100D60003031206888423FD0784948312068884235
:100D70003AD0764960312068884235D0734978315D
:100D80002068884230D071499031206888422BD049
:100D90006E49A8312068884226D06D492068884273
:100DA00022D06B491831206888421DD06849303103
:100DB0002068884218D0664948312068884213D09C
:100DC00063496031206888420ED0614978312068DB
:100DD000884209D05E4990312068884204D05C493D
:100DE000A8312068884206D12068006820F0010000
:100DF0002168086005E02068006820F00100216893
:100E0000086052492068884270D0504918312068E3
:100E100088426BD04D4930312068884266D04B49BA
:100E200048312068884261D0484960312068884252
:100E30005CD0464978312068884257D04349903188
:100E40002068884252D04149A831206888424DD05C
:100E50003F492068884249D03D491831206888427E
:100E600044D03B493031206888423FD0384948312E
:100E7000206888423AD0364960312068884235D0AF
:100E8000334978312068884230D031499031206828
:100E900088422BD02E49A8312068884226D02D497F
:100EA0002068884222D02B491431206888421DD006
:100EB000284928312068884218D026493C312068CA
:100EC000884213D023495031206888420ED02149EE
:100ED00064312068884209D01E49783120688842F0
:100EE00004D01C498C312068884201D1012000E0E7
:100EF0000020D8B1206E006820F48070216E086058
:100F0000A56D94F85C0000F01F0101208840686026
:100F1000D4E919104860E06E40B1E06E006820F43A
:100F20008070E16E0860D4E91C10486000BF0020AA
:100F300084F8340000BF012084F83500206D10B122
:100F40002046216D884700203EE600001000024048
:100F500010040240085402580348006840F00100A1
:100F6000014908607047000020040058F8B50246A7
:100F70000023734DDEE001279F400E6806EA070458
:100F8000002C71D04E68022E02D04E68122E13D162
:100F9000DF0802F1200656F827005E07F70E0F263D
:100FA000BE40B0435F07FF0E0E69BE403043DF080E
:100FB00002F1200646F8270010685F000326BE40B5
:100FC000B0430E7906F003065F00BE403043106068
:100FD0004E68012E08D04E68022E05D04E68112EA4
:100FE00002D04E68122E13D190685F000326BE40D7
:100FF000B0435F00CE68BE40304390605068012629
:101000009E40B0430E79C6F300169E4030435060B8
:10101000D0685F000326BE40B0435F008E68BE40CC
:101020003043D0604E6806F08056B6F1805F1BD129
:1010300000BF444E366846F00206424F3E603E46D0
:10104000366806F00206009600BF00BF3E4E9F08BD
:1010500056F827009E07370F0F26BE40B0433B4E81
:10106000B24202D100262EE063E0394EB24201D1F5
:10107000012628E0374EB24201D1022623E0364E47
:10108000B24201D103261EE0344EB24201D1042601
:1010900019E0334EB24201D1052614E0314EB2427E
:1010A00001D106260FE0304EB24201D107260AE0F8
:1010B0002E4EB24201D1082605E02D4EB24201D19A
:1010C000092600E00A269F073F0FBE4030431E4E10
:1010D0009F0846F827002868A0434E6806F480362B
:1010E000B6F5803F00D1204328606868A0434E6871
:1010F00006F40036B6F5003F00D1204368604FF09B
:10110000B0463068A0434E6806F48016B6F5801FDE
:1011100000D120434FF0B04630607068A0434E6865
:1011200006F40016B6F5001F00D120434FF0B0467C
:1011300070605B1C0E68DE40002E7FF41CAFF8BDB3
:1011400080000058F4440258080400580000025877
:101150000004025800080258000C025800100258FF
:101160000014025800180258001C025800200258AF
:1011700000240258024613690B400BB1012000E025
:10118000002070470AB1816101E00B048361704760
:1011900001480068000C70470010005C01480068BE
:1011A00070470000280000200348006803490978C0
:1011B00008440149086070472800002030000020E2
:1011C00010B5052000F00AF901F0E4FC10490968A7
:1011D000C1F303210F4A515C01F01F01C8400E49C1
:1011E00008600B48006800F00F001146085C00F032
:1011F0001F0109480068C840084908600F2000F036
:101200000FF808B1012010BD00F09AF80020FAE7AD
:1012100018440258A2B90008140000201800002049
:1012200070B504461148007808B9012070BD0F4818
:1012300000784FF47A71B1FBF0F00D490968B1FB09
:10124000F0F5284602F000FA08B10120EEE7102C74
:1012500007D200222146501E00F083F805480460A2
:1012600001E00120E2E70020E0E70000300000207C
:10127000140000202C0000204178154A11600178EC
:10128000F9B1121D41681160017B0907C27A41EA78
:101290000261827A41EAC241427B41EA8241827B19
:1012A00041EA4241C27B41EA0241427A41EA0221DB
:1012B000027A41EA420102781143054A083211607C
:1012C00005E00021024A121D1160121D11607047D5
:1012D00098ED00E000BF00BF00BFBFF35F8F00BF0D
:1012E00000BF00BF0548006820F480300349086053
:1012F00000200249703108607047000024ED00E0D2
:1013000040F001010D4A11600C497039096841F43F
:1013100080310A4A703A116000BF00BF00BFBFF3BE
:101320004F8F00BF00BF00BF00BF00BF00BFBFF3B3
:101330006F8F00BF00BF00BF7047000094ED00E05A
:10134000704701460846002809DB00F01F03012210
:101350009A4043099B0003F1E023C3F8002100BF3A
:1013600070472DE9F05F80460D46164605F090F96E
:10137000074639462A46334601F00700C0F1070AFE
:10138000BAF1040F02D94FF0040A01E0C0F1070AD4
:10139000D14600F1040ABAF1070F02D24FF0000A59
:1013A00001E0A0F1030AD4464FF0010A0AFA09FA53
:1013B000AAF1010A0AEA020A0AFA0CFA4FF0010B32
:1013C0000BFA0CFBABF1010B0BEA030B4AEA0B0423
:1013D0002146404605F064F9BDE8F09F00BF00F0EB
:1013E0000702064B19684FF6FF031940044B0B43E5
:1013F00043EA0221014B196000BF70470CED00E089
:101400000000FA050348006840F080700149086058
:10141000704700000C4802582DE9F84304460D4679
:101420001746FFF7BBFE8046A86900B100BFE86918
:1014300000B100BF286A00B100BF00BF94F84000AF
:10144000012802D10220BDE8F883012084F8400081
:1014500000BF94F84100012828D1002060640220D8
:1014600084F841004346002220212046009702F0E4
:1014700051FE0646DEB900222946204602F056FDFE
:10148000686A78B94346012202212046009702F09B
:1014900041FE06465EB902202168C860012084F83A
:1014A000410004E0012084F8410000E0022600BF72
:1014B000002084F8400000BF3046C4E7F8B5044679
:1014C000FFF76CFE06460CB90120F8BD206A4028E3
:1014D00000D000BF00BF94F84000012801D10220D5
:1014E000F3E7012084F8400000BF94F8410050B9B0
:1014F000002084F84000204600F04CF841F288318A
:10150000204600F035F92068006820F47061A0687A
:10151000401E41EA002021680860A06C334600228A
:1015200020210090204602F0F5FD054635BB2179CB
:10153000E06840EA0160E1690843216A08432168E4
:101540000968124A1140084321680860208A6169CD
:1015500041EA0040A1690843216849680C4A1140EA
:101560000843216848602068006840F00100216855
:10157000086000206064012084F8410000BF002062
:1015800084F8400000BF28469FE700002FFFFF00BF
:10159000FEF8E0FF10B586B0044600BF374800688B
:1015A00040F48040354908600846006800F48040F7
:1015B000009000BF00BF00BF30480C30006840F012
:1015C00002002E490C3108600846006800F0020055
:1015D000009000BF00BF00BF0846006840F0080050
:1015E00008600846006800F00800009000BF00BFD7
:1015F00000BF0846006840F0100008600846006818
:1016000000F01000009000BF00BF402001900220B9
:10161000029001200390032004900A20059001A964
:101620001748FFF7A3FC042001900220029001203C
:101630000390032004900920059001A91048FFF7AA
:1016400095FC4FF40060019001A90E48FFF78EFC55
:101650004FF48050019001A90A48FFF787FC4FF42E
:101660000050019001A90748FFF780FC0420019079
:1016700001A90548FFF77AFC06B010BDD444025812
:1016800000040258000C0258001002582DE9F84FCF
:1016900004460E4617460025FFF780FD8046206869
:1016A000D0F81890206800F1200A00BF94F840009C
:1016B000012802D10220BDE8F88F012084F8400003
:1016C00000BF94F8410001284AD100206064002E38
:1016D00040D0222084F8410020680069401CA063AB
:1016E00020680069401C606326632068406920F020
:1016F000406040F08060216848612068C0F8189020
:1017000013E04346012206212046009702F002FD25
:10171000054605B10CE09AF80000216B0870206BBB
:10172000401C2063A06B401EA063A06B0028E8D182
:1017300000BF5DB94346012202212046009702F016
:10174000E9FC054615B902202168C860012084F82B
:10175000410006E0606C40F008006064012500E094
:10176000022500BF002084F8400000BF2846A2E701
:10177000816470472DE9F84304460E46174600255C
:10178000FFF70CFD8046206800F1200900BF94F8A7
:101790004000012802D10220BDE8F883012084F82E
:1017A000400000BF94F84100012845D1002060644A
:1017B000002E3BD0122084F8410020680069401CB4
:1017C000E06220680069401CA0626662206840698F
:1017D00020F040602168486113E043460122042163
:1017E0002046009702F096FC054605B10CE0606AC1
:1017F000007889F80000606A401C6062E06A401E60
:10180000E062E06A0028E8D100BF5DB943460122EA
:1018100002212046009702F07DFC054615B9022002
:101820002168C860012084F8410006E0606C40F047
:1018300008006064012500E0022500BF002084F854
:10184000400000BF2846A7E710B501F0A3F90749FB
:101850000968C1F30321064A515C01F01F01C84029
:10186000044908600846006810BD0000184402588A
:10187000A2B900081400002010B501F04FF9054985
:101880000968C1F30211044A515C01F01F01C8400C
:1018900010BD000020440258A2B9000870B50146EE
:1018A000844D2D6805F00303824D2D68C5F3053086
:1018B000804D2D1D2D68C5F300147E4D14352D6807
:1018C000C5F3CC0515FB04F501EE105AB8EE411A2C
:1018D000F0EE410A00286FD023B1012B4ED0022B2D
:1018E0006BD16BE0734D283D2D68C5F340153DB3BA
:1018F000704D283D2D68C5F3C1066F4D25FA06F2DF
:1019000001EE102AF8EE411A01EE100AB8EE411A63
:1019100081EE812A9FED691AC0EE811A654D10355E
:101920002D68C5F3080501EE105AB8EE411A31EEE4
:10193000811AF7EE001A31EE211A22EE010A1CE09C
:1019400001EE100AB8EE411ADFED5D1A81EE812A30
:101950009FED5A1AC0EE811A564D10352D68C5F309
:10196000080501EE105AB8EE411A31EE811AF7EE71
:10197000001A31EE211A22EE010A5BE001EE100A94
:10198000B8EE411ADFED4F1A81EE812A9FED4B1A16
:10199000C0EE811A474D10352D68C5F3080501EEDC
:1019A000105AB8EE411A31EE811AF7EE001A31EEF4
:1019B000211A22EE010A3DE077E01DE001EE100A57
:1019C000B8EE411A9FED402AC2EE011A9FED3B1A74
:1019D00080EE812A374D10352D68C5F3080501EEDC
:1019E000105AB8EE411A32EE011AB7EE002A31EE63
:1019F000021A21EE810A1DE001EE100AB8EE411A2A
:101A0000DFED301A81EE812A9FED2C1AC0EE811A8B
:101A1000284D10352D68C5F3080501EE105AB8EEB3
:101A2000411A31EE811AF7EE001A31EE211A22EE38
:101A3000010A00BF00BF1F4D10352D68C5F34625B4
:101A400001EE105AB8EE411AF7EE001A31EE211AE3
:101A5000C0EE011ABCEEE11A81ED001A154D1035E9
:101A60002D68C5F3064501EE105AB8EE411AF7EE9F
:101A7000001A31EE211AC0EE011ABCEEE11A81ED16
:101A8000011A0C4D10352D68C5F3066501EE105A8C
:101A9000B8EE411AF7EE001A31EE211AC0EE011A23
:101AA000BCEEE11A81ED021A03E000250D604D60E5
:101AB0008D6070BD284402580090D003000000469D
:101AC0000024744C0024744A0024F44A70B5014682
:101AD000844D2D6805F00303824D2D68C5F3055034
:101AE000804D2D1D2D68C5F300247E4D1C352D68BD
:101AF000C5F3CC0515FB04F501EE105AB8EE411AFA
:101B0000F0EE410A00286FD023B1012B4ED0022BFA
:101B10006BD16BE0734D283D2D68C5F340153DB387
:101B2000704D283D2D68C5F3C1066F4D25FA06F2AC
:101B300001EE102AF8EE411A01EE100AB8EE411A31
:101B400081EE812A9FED691AC0EE811A654D183524
:101B50002D68C5F3080501EE105AB8EE411A31EEB2
:101B6000811AF7EE001A31EE211A22EE010A1CE06A
:101B700001EE100AB8EE411ADFED5D1A81EE812AFE
:101B80009FED5A1AC0EE811A564D18352D68C5F3CF
:101B9000080501EE105AB8EE411A31EE811AF7EE3F
:101BA000001A31EE211A22EE010A5BE001EE100A62
:101BB000B8EE411ADFED4F1A81EE812A9FED4B1AE4
:101BC000C0EE811A474D18352D68C5F3080501EEA2
:101BD000105AB8EE411A31EE811AF7EE001A31EEC2
:101BE000211A22EE010A3DE077E01DE001EE100A25
:101BF000B8EE411A9FED402AC2EE011A9FED3B1A42
:101C000080EE812A374D18352D68C5F3080501EEA1
:101C1000105AB8EE411A32EE011AB7EE002A31EE30
:101C2000021A21EE810A1DE001EE100AB8EE411AF7
:101C3000DFED301A81EE812A9FED2C1AC0EE811A59
:101C4000284D18352D68C5F3080501EE105AB8EE79
:101C5000411A31EE811AF7EE001A31EE211A22EE06
:101C6000010A00BF00BF1F4D18352D68C5F346257A
:101C700001EE105AB8EE411AF7EE001A31EE211AB1
:101C8000C0EE011ABCEEE11A81ED001A154D1835AF
:101C90002D68C5F3064501EE105AB8EE411AF7EE6D
:101CA000001A31EE211AC0EE011ABCEEE11A81EDE4
:101CB000011A0C4D18352D68C5F3066501EE105A52
:101CC000B8EE411AF7EE001A31EE211AC0EE011AF1
:101CD000BCEEE11A81ED021A03E000250D604D60B3
:101CE0008D6070BD284402580090D003000000466B
:101CF0000024744C0024744A0024F44A2DE9F04175
:101D000004460025A846206800F00060B0F1006F8E
:101D100030D1606E48B1B0F5801F0DD0B0F5001F16
:101D200010D0B0F5401F15D113E0F948006840F419
:101D30000030F74908600FE00221201D02F010FA80
:101D4000054609E0022104F1240002F0BBFA054631
:101D500002E001E0012500BF00BF55B9EC48243086
:101D6000006820F44010616E0843E949243108609E
:101D700000E0A846208800F48070B0F5807F2DD167
:101D8000606D05281AD2DFE800F0030A101718006A
:101D9000DF48006840F40030DD49086010E00021B1
:101DA000201D02F0DDF905460AE0002104F12400BF
:101DB00002F088FA054603E002E001E0012500BFD9
:101DC00000BF55B9D2482430006820F00700616D8B
:101DD0000843CF492431086000E0A846208800F479
:101DE0000070B0F5007F33D1A06D802817D003DCE0
:101DF00040B140281CD10CE0C02817D0B0F5807F3E
:101E000016D114E0C248006840F40030C0490860B0
:101E100010E00021201D02F0A3F905460AE0002190
:101E200004F1240002F04EFA054603E002E001E06E
:101E3000012500BF00BF55B9B5482430006820F423
:101E4000E070A16D0843B2492431086000E0A84663
:101E5000208800F48060B0F5806F38D1D4F8A400F9
:101E6000B0F5800F19D004DC50B1B0F5001F1DD1C2
:101E70000DE0B0F5C00F17D0B0F5000F16D114E08B
:101E8000A348006840F40030A149086010E0002138
:101E9000201D02F065F905460AE0002104F1240046
:101EA00002F010FA054603E002E001E0012500BF60
:101EB00000BF5DB996482C30006820F46000D4F86B
:101EC000A410084392492C31086000E0A8462088FD
:101ED00000F40060B0F5006F38D1D4F8A800B0F17C
:101EE000007F19D004DC50B1B0F1807F1DD10DE02E
:101EF000B0F1407F17D0B0F1806F16D114E0844864
:101F0000006840F400308249086010E00021201D84
:101F100002F026F905460AE0002104F1240002F04F
:101F2000D1F9054603E002E001E0012500BF00BF52
:101F30005DB977482C30006820F0E060D4F8A81034
:101F4000084373492C31086000E0A846206800F07F
:101F50000070B0F1007F27D1A06CA0B1102804D090
:101F6000202809D030280FD10CE06948006840F4DF
:101F700000306749086009E00221201D02F0F0F8F6
:101F8000054603E002E001E0012500BF00BF55B9AE
:101F90005F482030006820F03000A16C08435C49A5
:101FA0002031086000E0A846208800F48050B0F599
:101FB000805F36D1E06DB0F5005F19D004DC50B120
:101FC000B0F5805F1DD10DE0B0F5405F17D0B0F5E2
:101FD000804F16D114E04E48006840F400304C4960
:101FE000086010E00021201D02F0BAF805460AE062
:101FF000002104F1240002F065F9054603E002E047
:1020000001E0012500BF00BF55B9414824300068F8
:1020100020F4E040E16D08433D492431086000E0D0
:10202000A846208800F40050B0F5005F34D1206E3F
:10203000B0F5403F1DD007DC68B1B0F5803F0BD054
:10204000B0F5003F18D10DE0B0F5802F12D0B0F5FB
:10205000A02F11D10FE011E00121201D02F080F826
:1020600005460BE0012104F1240002F02BF905469E
:1020700004E003E002E001E0012500BF00BF55B924
:1020800023482430006820F4E020216E08432049D2
:102090002431086000E0A846208800F48040B0F5B4
:1020A000804F38D1D4F8AC00B0F1405F1DD007DCD0
:1020B00068B1B0F1805F0BD0B0F1005F18D10DE0D6
:1020C000B0F1804F12D0B0F1A04F11D10FE011E06C
:1020D0000121201D02F044F805460BE0012104F126
:1020E000240002F0EFF8054604E003E002E001E01E
:1020F000012500BF00BF6DB905482C30006820F0F5
:10210000E040D4F8AC10084301492C31086002E0EB
:102110002C440258A846208800F40040B0F5004F37
:1021200026D1E06E98B1B0F1805F03D0B0F1005FCE
:102130000ED106E0F948006840F40030F749086025
:1021400008E00121201D02F00BF8054602E001E045
:10215000012500BF00BF55B9F0482430006820F0C9
:102160004050E16E0843ED492431086000E0A84684
:10217000206800F08070B0F1807F27D1606CA0B142
:10218000012804D0022809D003280FD10CE0E3482D
:10219000006840F40030E149086009E00221201D98
:1021A00001F0DEFF054603E002E001E0012500BF8B
:1021B00000BF55B9D9482030006820F00300616C99
:1021C0000843D6492031086000E0A846206800F4A2
:1021D0008000B0F5800F7DD1D148006840F4807058
:1021E000CF490860FEF7DAFF064606E0FEF7D6FFA5
:1021F000801B642801D9032505E0C948006800F464
:1022000080700028F2D000BF85BBC448443000680D
:1022100000F44070B4F8B01001F44071884213D05B
:10222000BE484430006820F44077BC484430006821
:1022300040F48030B949443108600846006820F411
:102240008030086008460760D4F8B000B0F5807FA1
:1022500015D1FEF7A3FF064609E0FEF79FFF801B9E
:1022600041F28831884202D9032507E038E0AB48C3
:1022700044300068C0F340000028EED000BF55BBDA
:1022800000BFB4F8B00000F44070B0F5407F0ED14C
:10229000A2481C38006820F47C51A24AD4F8B0004F
:1022A000104041EA10109D491C39086007E09B4826
:1022B0001C38006820F47C5098491C390860974805
:1022C00044300068B4F8B010C1F30B0108439349DF
:1022D000443101E005E001E0086002E0A84600E0CA
:1022E000A846207800F0010068B3A06F182819D024
:1022F00005DC48B1082808D0102816D10BE02028AA
:1023000011D0282811D10FE011E00121201D01F08A
:1023100027FF05460BE0012104F1240001F0D2FF64
:10232000054604E003E002E001E0012500BF00BF34
:1023300055B97A482830006820F03800A16F08436A
:1023400076492831086000E0A846207800F00200B5
:10235000022828D1606F062815D2DFE800F00304B8
:102360000A11121311E00121201D01F0F9FE0546AA
:102370000BE0012104F1240001F0A4FF054604E074
:1023800003E002E001E0012500BF00BF55B963484A
:102390002830006820F00700616F08435F4928314A
:1023A000086000E0A846207800F0040004282AD144
:1023B000D4F89000062815D2DFE800F003040A11D3
:1023C000121311E00121201D01F0CAFE05460BE0A9
:1023D000012104F1240001F075FF054604E003E04B
:1023E00002E001E0012500BF00BF5DB94B482C3081
:1023F000006820F00700D4F89010084347492C31BA
:10240000086000E0A846207800F02000202836D19F
:10241000D4F88C00B0F1405F1DD007DC68B1B0F19A
:10242000805F0BD0B0F1005F18D10DE0B0F1804FAC
:1024300012D0B0F1A04F11D10FE011E00021201D0A
:1024400001F08EFE05460BE0022104F1240001F0AC
:1024500039FF054604E003E002E001E0012500BF8A
:1024600000BF5DB92D482830006820F0E040D4F866
:102470008C10084329492831086000E0A8462078DC
:1024800000F04000402836D1D4F89800B0F5406FF5
:102490001DD007DC68B1B0F5806F0BD0B0F5006FD0
:1024A00018D10DE0B0F5805F12D0B0F5A05F11D16A
:1024B0000FE011E00021201D01F052FE05460BE067
:1024C000022104F1240001F0FDFE054604E003E0D2
:1024D00002E001E0012500BF00BF5DB90F482C30CC
:1024E000006820F4E050D4F8981008430B492C31D0
:1024F000086000E0A846207800F0800080283AD1EB
:10250000D4F89C00B0F5C04F23D00DDC98B1B0F5E5
:10251000005F11D0B0F5804F1ED113E02C4402585B
:1025200000480258FFFCFF0FB0F5004F12D0B0F585
:10253000204F11D10FE011E00021201D01F010FE0D
:1025400005460BE0022104F1240001F0BBFE054624
:1025500004E003E002E001E0012500BF00BF4DB947
:10256000AD48006820F46040D4F89C100843AA49A4
:10257000086000E0A846207800F00800082817D17D
:10258000D4F88000B0F5805F07D1022104F1240067
:1025900001F098FE08B14FF001089F48001F006845
:1025A00020F44050D4F8801008439B49091F08606C
:1025B000207800F01000102815D1D4F89400B0F560
:1025C000807F07D1022104F1240001F07BFE08B1D5
:1025D0004FF001089048006820F44070D4F894103F
:1025E00008438D490860206800F40020B0F5002FF2
:1025F00026D1D4F8A00030B1B0F5803F09D0B0F5B5
:10260000003F0ED10CE00021201D01F0A9FD054680
:1026100009E0022104F1240001F054FE054602E025
:1026200001E0012500BF00BF4DB97B48006820F4E0
:102630004030D4F8A01008437749086000E0A8466D
:10264000206800F48020B0F5802F2DD1D4F88400CC
:10265000B0F5801F06D0B0F5001F0CD0B0F5401FBC
:1026600011D10FE06C482C38006840F400306A4902
:102670002C39086009E0012104F1240001F022FE58
:10268000054602E001E0012500BF00BF5DB96248D8
:10269000001F006820F44010D4F8841008435E49FD
:1026A000091F086000E0A846206800F48030B0F5FB
:1026B000803F24D1E06C18B1B0F5803F0FD108E025
:1026C00055482C38006840F4003053492C390860D4
:1026D00007E00221201D01F043FD054601E0012530
:1026E00000BF00BF55B94C480C38006820F480305A
:1026F000E16C084348490C39086000E0A8462068AE
:1027000000F00050B0F1005F07D1022104F1240075
:1027100001F0D8FD08B14FF00108206800F4003046
:10272000B0F5003F27D1E06FA0B1B0F5807F06D0B3
:10273000B0F5007F0CD0B0F5407F0CD109E03648F1
:102740002C38006840F4003033492C39086004E02C
:1027500003E002E001E0012500BF00BF55B92E48AB
:10276000001F006820F44070E16F08432A49091FE8
:10277000086000E0A846206800F48010B0F5801FD3
:1027800009D125480838006820F00040216F08432F
:10279000214908390860206800F40010B0F5001FD6
:1027A00009D11D480838006820F08070A16E0843E8
:1027B000194908390860206800F08040B0F1804F66
:1027C00011D100BF14484838006820F40040124975
:1027D0004839086008460068D4F8B81008430E4924
:1027E0004839086000BF206800F00040B0F1004F99
:1027F00009D109480C38006820F04050216D084389
:1028000005490C390860B8F1000F02D10020BDE87D
:10281000F0810120FBE70000584402582DE9F04107
:1028200004460D4614B90120BDE8F081B6480068A1
:1028300000F00F00A8420ED2B348006820F00F004D
:102840002843B14908600846006800F00F00A8421C
:1028500001D00120E8E7207800F0040004280ED120
:10286000AA492069096801F07001884207D9A74880
:10287000006820F0700021690843A44908602078AE
:1028800000F00800082811D1A049091D60690968F5
:1028900001F07001884209D99C48001D006820F0B1
:1028A0007000616908439949091D0860207800F0AB
:1028B0001000102811D19549091DA069096801F47B
:1028C000E061884209D99148001D006820F4E06069
:1028D000A16908438D49091D0860207800F0200097
:1028E000202811D189490831E069096801F0700197
:1028F000884209D985480830006820F07000E169F5
:102900000843824908310860207800F0020002285C
:102910000ED17E49E068096801F00F01884207D9AD
:102920007A48006820F00F00E168084377490860A2
:10293000207800F00100002850D07448006820F48E
:102940007060A1680843714908606068022807D177
:102950006E4818380068C0F34040F8B9012063E7BA
:102960006068032807D1694818380068C0F34060E0
:10297000A0B9012058E76068012807D163481838DA
:102980000068C0F3002048B901204DE75F481838BF
:102990000068C0F3800008B9012045E75B480838AB
:1029A000006820F00700616808435849083908604A
:1029B000FEF7F4FB064608E0FEF7F0FB801B41F251
:1029C0008831884201D903202EE750480838006832
:1029D00000F038006168B0EBC10FEDD1207800F055
:1029E000020002280ED14949E068096801F00F0190
:1029F000884207D24548006820F00F00E16808438C
:102A0000424908604048006800F00F00A8420ED913
:102A10003D48006820F00F0028433B490860084605
:102A2000006800F00F00A84201D00120FCE62078E9
:102A300000F0040004280ED134492069096801F02F
:102A40007001884207D23148006820F07000216987
:102A500008432E490860207800F00800082811D1AA
:102A60002A49091D6069096801F07001884209D28C
:102A70002648001D006820F0700061690843234962
:102A8000091D0860207800F01000102811D11F499E
:102A9000091DA069096801F4E061884209D21B4858
:102AA000001D006820F4E060A16908431749091D72
:102AB0000860207800F02000202811D11349083147
:102AC000E069096801F07001884209D20F480830B6
:102AD000006820F07000E16908430C490831086083
:102AE00000F058F809490968C1F30321084A515C0C
:102AF00001F01F01C8400749086007480068FEF759
:102B00008FFB074638468FE60020005218440258D3
:102B1000A2B90008140000202C00002010B5FEF718
:102B200093FE0749096801F00F01064A515C01F064
:102B30001F01C840044908600846006810BD000035
:102B400018440258A2B900081800002010B5FFF779
:102B5000E5FF05490968C1F30211044A515C01F01F
:102B60001F01C84010BD00001C440258A2B9000853
:102B700010B5FFF7D3FF05490968C1F30221044AE4
:102B8000515C01F01F01C84010BD00001C440258F8
:102B9000A2B90008F0B5824E366806F0380636B1A4
:102BA000082E15D0102E15D0182E7DD114E07C4E95
:102BB000103E3668C6F3401646B1794E103E366870
:102BC000C6F3C107774E26FA07F000E07548E5E046
:102BD0007548E3E07548E1E0714E1836366806F056
:102BE00003046F4E18363668C6F305116C4E1C365A
:102BF000366806F001056A4E24363668C6F3CC0600
:102C000016FB05F601EE106AB8EE410A002971D0F4
:102C100024B1012C50D0022C6DD16DE0604E103EDD
:102C20003668C6F340163EB35D4E103E3668C6F3B6
:102C3000C1075C4E26FA07F301EE103AF8EE411A8E
:102C400001EE101AB8EE411A81EE812A9FED581A52
:102C5000C0EE011A524E20363668C6F3080601EE61
:102C6000106AB8EE411A31EE811AF7EE001A31EE11
:102C7000211A62EE010A1EE001EE101AB8EE411AA6
:102C8000DFED4C1A81EE812A9FED491AC0EE011A40
:102C9000434E20363668C6F3080601EE106AB8EED9
:102CA000411A31EE811A00E076E0F7EE001A31EEBB
:102CB000211A62EE010A5BE001EE101AB8EE411A29
:102CC0009FED3D2AC2EE011A9FED391A80EE012ACE
:102CD000334E20363668C6F3080601EE106AB8EEA9
:102CE000411A32EE011AB7EE002A31EE021A61EEF5
:102CF000810A3DE04EE01DE001EE101AB8EE411AE7
:102D0000DFED2E1A81EE812A9FED291AC0EE011AFD
:102D1000234E20363668C6F3080601EE106AB8EE78
:102D2000411A31EE811AF7EE001A31EE211A62EEE5
:102D3000010A1DE001EE101AB8EE411A9FED1E2A9D
:102D4000C2EE011A9FED1A1A80EE012A144E2036A7
:102D50003668C6F3080601EE106AB8EE411A32EE84
:102D6000011AB7EE002A31EE021A61EE810A00BFA5
:102D700000BF0B4E20363668C6F34626721C01EEA5
:102D8000102AB8EE411AC0EE811ABCEEE11A11EE1B
:102D9000100A00E0002001E0034800BF00BFF0BDC2
:102DA000104402580090D00300093D0000127A0040
:102DB000000000460024744C0024744A0024F44AA5
:102DC0002DE9F047044614B90120BDE8F0872078CA
:102DD00000F00100002872D0F948006800F03808BF
:102DE000F7481830D0F80090B8F1100F06D0B8F1BD
:102DF000180F0FD109F0030002280BD1F04810384A
:102E00000068C0F3404000286ED0606800286BD195
:102E10000120DAE700BF6068B0F5803F08D1E848DC
:102E20001038006840F48030E549103908602EE021
:102E3000606868B9E2481038006820F48030E049E2
:102E4000103908600846006820F4802008601EE001
:102E50006068B0F5A02F0DD1D9481038006840F453
:102E60008020D749103908600846006840F4803057
:102E700008600CE0D2481038006820F48030D04957
:102E8000103908600846006820F48020086000BF00
:102E90006068A8B1FEF782F9054608E0FEF77EF902
:102EA000401B41F28831884201D903208DE7C44894
:102EB00010380068C0F340400028EFD014E014E060
:102EC000FEF76CF9054608E0FEF768F9401B41F291
:102ED0008831884201D9032077E7B9481038006863
:102EE000C0F340400028EFD100BF207800F002007E
:102EF00002286BD1B248006800F03808B04818309A
:102F0000D0F80090B8F1000F05D0B8F1180F2BD110
:102F100009F0030040BBAA4810380068C0F38000E5
:102F200018B1E06808B901204FE700BFFEF730F99B
:102F300041F2030188420BD8A1480C38006820F404
:102F40007C30216940EA01309D490C3908600AE073
:102F50009B480C38006820F0FE40217C40EA01606C
:102F600097490C39086058E0E06870B3944810380D
:102F7000006820F01900E1680843914910390860A1
:102F8000FEF70CF9054606E0FEF708F9401B02289B
:102F900001D9032019E78A4810380068C0F380007F
:102FA0000028F1D000BFFEF7F3F841F20301884298
:102FB0000DD883480C38006820F47C30216940EA41
:102FC00001307F490C3908600CE00CE026E07C48B9
:102FD0000C38006820F0FE40217C40EA016078490E
:102FE0000C39086019E076481038006820F00100BC
:102FF000734910390860FEF7D1F8054606E0FEF780
:10300000CDF8401B022801D90320DEE66C481038B9
:103010000068C0F380000028F1D100BF207800F0E4
:10302000100010286ED16648006800F03808644827
:103030001830D0F80090B8F1080F06D0B8F1180F8A
:103040002FD109F0030001282BD15D48103800680A
:10305000C0F3002020B1E069802801D00120B4E64F
:1030600000BFFEF795F841F2030188420CD854489E
:103070000C38006820F0F84094F8201040EA816095
:103080004F490C3908600BE04D48001F006820F0E4
:103090007C5094F8201040EA01604949091F0860FB
:1030A00058E0E06968B346481038006840F0800096
:1030B000434910390860FEF771F8054606E0FEF74F
:1030C0006DF8401B022801D903207EE63C481038E9
:1030D0000068C0F300200028F1D000BFFEF758F8C8
:1030E00041F2030188420ED835480C38006820F0C0
:1030F000F84094F8201040EA816031490C390860AA
:103100000DE00DE027E02E48001F006820F07C5005
:1031100094F8201040EA01602949091F086019E06D
:1031200027481038006820F08000254910390860D1
:10313000FEF734F8054606E0FEF730F8401B02289B
:1031400001D9032041E61E4810380068C0F3002072
:103150000028F1D100BF207800F00800082837D1FE
:103160006069D0B116486430006840F0010014492D
:1031700064310860FEF712F8054606E0FEF70EF827
:10318000401B022801D903201FE60D486430006867
:10319000C0F340000028F1D01AE00948643000680C
:1031A00020F00100064964310860FDF7F7FF05468D
:1031B00008E0FDF7F3FF401B022803D9032004E6D3
:1031C00010440258DC480068C0F340000028F0D1E9
:1031D000207800F02000202836D1A069D0B1D64850
:1031E0007438006840F48050D34974390860FDF7A2
:1031F000D5FF054606E0FDF7D1FF401B022801D9A7
:103200000320E2E5CC4874380068C0F34030002861
:10321000F1D019E0C8487438006820F48050C649DD
:1032200074390860FDF7BAFF054606E0FDF7B6FF02
:10323000401B022801D90320C7E5BF487438006845
:10324000C0F340300028F1D1207800F004000428B9
:103250007DD1BA48006840F48070B8490860FDF735
:103260009DFF054606E0FDF799FF401B642801D944
:103270000320AAE5B148006800F480700028F2D06D
:1032800000BFA068012808D1AB48001F006840F0CB
:103290000100A949091F08602DE0A06868B9A64887
:1032A000001F006820F00100A349091F08600846BC
:1032B000006820F0040008601DE0A06805280DD11A
:1032C0009D48001F006840F004009B49091F0860EA
:1032D0000846006840F0010008600CE09648001FB6
:1032E000006820F001009449091F08600846006842
:1032F00020F00400086000BFA068A0B1FDF74EFFF9
:10330000054608E0FDF74AFF401B41F2883188423C
:1033100001D9032059E58848001F0068C0F3400028
:103320000028EFD013E0FDF739FF054608E0FDF770
:1033300035FF401B41F28831884201D9032044E522
:103340007D48001F0068C0F340000028EFD1606A8C
:1033500000287DD078486438006800F038001828CC
:1033600077D0606A022875D173487438006820F0FD
:103370008070714974390860FDF710FF054606E05A
:10338000FDF70CFF401B022801D903201DE56A4808
:1033900074380068C0F340600028F1D100BFD4E960
:1033A0000A1041EA001064494C39096840F2F332CE
:1033B0009143084360494C390860208E401EC0F399
:1033C0000800616B491E4FF47E4202EA4121084326
:1033D000218F491ED20102EA014108433C21095DC7
:1033E000491E120202EA0161084353494439086048
:1033F00000BF081F006820F00100091F08604E4848
:10340000403800684FF6F8718843A16C40EAC1006B
:1034100049494039086048484838006820F00C00A5
:10342000216C08434449483908600846006820F088
:103430000200616C0843404948390860084600684A
:1034400040F4803008600846006840F4003002E034
:103450006FE041E025E008600846006840F4802005
:1034600008600846006840F001000860324874387F
:10347000006840F08070304974390860FDF78EFEB6
:10348000054606E0FDF78AFE401B022801D903200D
:103490009BE4294874380068C0F340600028F1D0EC
:1034A00047E025487438006820F08070224974395C
:1034B0000860FDF773FE054606E0FDF76FFE401B52
:1034C000022801D9032080E41B4874380068C0F347
:1034D00040600028F1D12CE017484C3807681648A6
:1034E00044380668606A012821D007F00301A06A09
:1034F00081421CD1C7F30511E06A884217D1C6F397
:103500000801206B401E814211D1606B401EC6F342
:10351000462188420BD1A06B401EC6F3064188426B
:1035200005D1E06B401EC6F30661884201D0012040
:103530004BE4002049E4000074440258004802585B
:1035400070B504460E4615460CB9012070BD94F8BE
:10355000450028B9002084F84400204600F028F8EF
:1035600004F108012068FDF7ABFA3146A268206833
:10357000FDF7F2FA2946E36AD4E90102FDF77EFA83
:10358000A168206850F8210040F00100A26821687D
:1035900041F822000548006840F0004003490860F7
:1035A000012084F845000020D0E7000000400052D0
:1035B00010B586B0044600BF2048006840F4805033
:1035C0001E4908600846006800F48050009000BF63
:1035D00000BF00BF19480C30006840F008001749D0
:1035E0000C3108600846006800F00800009000BF39
:1035F00000BF00BF0846006840F0100008600846A1
:10360000006800F01000009000BF00BF4CF2037093
:1036100001900220029001200390032004900C20CE
:10362000059001A90648FDF7A1FC4FF680700190B6
:1036300001A90448FDF79AFC06B010BDD444025815
:10364000000C02580010025870B504462546681E4A
:10365000B0F1807F01D301200FE0681E4FF0E02120
:1036600048610F214FF0FF3003F01AF800204FF0AF
:10367000E021886107200861002070BD70B5044614
:103680000D46164600BF94F83C00012801D10220E7
:1036900070BD012084F83C0000BF022084F83D008A
:1036A0000C2E51D005DC4EB1042E1ED0082E7AD13E
:1036B00033E0102E60D0142EF9D175E02946206831
:1036C00001F04EF82068806940F0080021688861A8
:1036D0002068806920F00400216888612068806982
:1036E000296908432168886177E02946206801F04C
:1036F0008DF82068806940F4006021688861206846
:10370000806920F480602168886120688069296967
:1037100040EA0120216888615FE02946206801F0C5
:10372000CFF82068C06940F008002168C8612068AF
:10373000C06920F004002168C8612068C069296957
:1037400008432168C86148E02946206801F010F963
:103750002068C06940F400602168C8612068C069C1
:1037600020F480602168C8612068C069296940EA46
:1037700001202168C86130E02946206801F030F955
:103780002068406D40F00800216848652068406D61
:1037900020F00400216848652068406D29690843CD
:1037A0002168486519E017E02946206801F04EF9C4
:1037B0002068406D40F40060216848652068406DD5
:1037C00020F48060216848652068406D296940EADE
:1037D00001202168486500E000BF00BF012084F897
:1037E0003D0000BF002084F83C0000BF00BF4FE751
:1037F00010B504460CB9012010BD94F83D0028B95D
:10380000002084F83C00204600F00CF8022084F8E8
:103810003D00211D206800F02BFF012084F83D00B1
:103820000020E9E77047000070B504460E4601220B
:103830003146206800F082FF1749206888420FD087
:103840001649206888420BD015492068884207D065
:1038500014492068884203D013492068884201D166
:10386000012000E0002028B12068406C40F40040B6
:1038700021684864206880680C4900EA0105062D2B
:1038800008D0B5F5803F05D02068006840F0010001
:1038900021680860002070BD000001400004014064
:1038A0000040014000440140004801400700010081
:1038B00030B504460D4600222946206800F03EFF40
:1038C0002149206888420FD02049206888420BD0C7
:1038D0001F492068884207D01E492068884203D0CB
:1038E0001D492068884201D1012000E0002090B1EC
:1038F00000BF2068006A41F21111084050B92068E9
:10390000006A8910084028B92068406C20F4004003
:103910002168486400BF00BF2068006A41F21111AD
:10392000084050B92068006A8910084028B920680A
:10393000006820F001002168086000BF012084F8C1
:103940003D00002030BD00000000014000040140A7
:10395000004001400044014000480140704770476A
:10396000704770472DE9F04704462068C569206814
:1039700006682068876840F60F0005EA0008B8F17D
:10398000000F0FD105F0200060B106F0200010B943
:1039900007F0805030B1E06E10B12046E16E8847EC
:1039A000BDE8F087B8F1000F7ED06E48384018B9F6
:1039B0006D4830400028F7D005F0010058B106F4FA
:1039C000807040B1012021680862D4F8880040F07E
:1039D0000100C4F8880005F0020058B107F00100AA
:1039E00040B1022021680862D4F8880040F0040049
:1039F000C4F8880005F0040058B107F0010040B198
:103A0000042021680862D4F8880040F00200C4F85D
:103A1000880005F0080070B106F0200010B9514888
:103A2000384040B1082021680862D4F8880040F08E
:103A30000800C4F8880005F4006060B106F08060FA
:103A400048B14FF4006021680862D4F8880040F063
:103A50002000C4F88800D4F88800002844D005F07D
:103A6000200050B106F0200010B907F0805020B1BE
:103A7000E06E10B12046E16E8847D4F88890206847
:103A8000806800F04000402802D009F0280028B3E8
:103A9000204601F0D3F82068806800F040004028FC
:103AA00018D12068806800E01FE020F04000216805
:103AB0008860A06F50B12D48A16F0865A06FFDF719
:103AC0007FF888B1A06F016D88470DE02046FFF7B1
:103AD00048FF09E02046FFF744FF05E02046FFF7D6
:103AE00040FF0020C4F888005AE705F4801050B168
:103AF00007F4800038B14FF4801021680862204636
:103B0000FFF72EFF4CE705F0800058B106F080006B
:103B100010B907F4000028B1206F10B12046216FC2
:103B200088473DE705F0400030B106F0400018B18D
:103B3000204601F097F833E705F4000030B106F0B5
:103B4000804018B12046FFF70AFF29E705F0807092
:103B500030B106F0004018B12046FFF7FFFE1FE726
:103B600000BF1DE70100001020010004254C0008E3
:103B700010B504460CB9012010BDA06900B100E0E9
:103B800000BFD4F8800028B9002084F87C002046CB
:103B900000F02AF82420C4F880002068006820F093
:103BA000010021680860204601F090F9012800D149
:103BB000E2E7A06A10B1204600F07EFF206840686E
:103BC00020F49040216848602068806820F02A0036
:103BD000216888602068006840F001002168086062
:103BE000204600F0E5FFC7E710B586B004462B4934
:103BF0002068884250D100BF00BF2948006840F0CB
:103C00001000274908600846006800F01000009086
:103C100000BF00BF00BF00BF00BF214810380068D0
:103C200040F001001E49103908600846006800F0A5
:103C30000100009000BF00BF00BF00BF00BF0846EA
:103C4000006840F0010008600846006800F00100CC
:103C5000009000BF00BF00BF4FF400700190022031
:103C6000029001200390022004900720059001A9F2
:103C70000C48FDF77BF94FF4806001900720059018
:103C800001A90848FDF772F92520FDF75AFB032228
:103C900011462520FDF765FB06B010BD0010014060
:103CA000F04402580000025810B50346D3F88400CF
:103CB000202874D101B10AB9012010BD00BF93F8CA
:103CC0007C00012801D10220F7E7012083F87C0065
:103CD00000BF9965A3F85C20A3F85E200020D86699
:103CE00000BF9868B0F5805F0AD1186920B940F22A
:103CF000FF10A3F8600020E0FF20A3F860001CE0A4
:103D0000986848B9186918B9FF20A3F8600014E052
:103D10007F20A3F8600010E09868B0F1805F09D1BF
:103D2000186918B97F20A3F8600006E03F20A3F8C7
:103D3000600002E00020A3F8600000BF0020C3F88C
:103D400088002220C3F884001868806840F00100D1
:103D50001C68A060586EB0F1005F21D1B3F8680014
:103D600090421DDC9868B0F5805F04D1186910B9E5
:103D70001848D86601E01848D86600BF002083F8CC
:103D80007C0000BF1868006840F480701C682060E8
:103D90001868806840F080501C68A06016E017E04A
:103DA0009868B0F5805F04D1186910B90B48D866DF
:103DB00001E00B48D86600BF002083F87C0000BFFC
:103DC0001868006840F490701C682060002074E758
:103DD000022072E7F94C0008194E0008874C0008D1
:103DE000AD4D000810B504462049206888423BD1FB
:103DF0001F48008800F4004088BB1D48008800F47C
:103E0000804070B11B4800780A2803D00020184970
:103E1000088024E01648008840F4004014490880D7
:103E20001DE0144800780D2806D11148008840F4A0
:103E300080400F49088012E00E4800780C4909883C
:103E4000C1F30D010C4A505409480088401C084930
:103E5000088008460088C72801DD0020088001226C
:103E600004490648FFF720FF10BD00000010014084
:103E700024000020260000206C00002034010020D7
:103E8000704700BFFEE7000000BF00224021184835
:103E9000FDF778F900BF17A0FCF7F0FA4FF47A703D
:103EA00003F03CF919A0FCF7E9FA4FF47A7003F03B
:103EB00035F900BF00BF00BF00BF00BFBFF34F8F89
:103EC00000BF00BF00BF1648006800F4E06015495D
:103ED0000843001D1249086000BF00BF00BFBFF3C8
:103EE0004F8F00BF00BF00BF00BF00BFFDE7000055
:103EF000001002584D656D20416363657373204562
:103F000072726F7221210D0A00000000536F6674F7
:103F1000205265736574696E672E2E2E0D0A00009F
:103F20000CED00E00000FA057047704710B54B6AD1
:103F300033B1B2F1406F03D08B6A5B1E046823611A
:103F40008B69002B76D00B6AE3B38B680468E3615E
:103F5000CB69FBB1D1E90B3423434C6B23434C6A4F
:103F600023438C8A43EA84430C6923430C6A23432A
:103F7000CC682343CC6923438C6923430C682343D7
:103F8000134304686361B2F1406F02D04B68046868
:103F9000A361BEE0D1E90B3423434C6B23434C6A4D
:103FA00023438C8A43EA84430C6923430C6A2343EA
:103FB000CC6923438C6923430C682343134304686F
:103FC0006361A6E0FFE7CB69EBB1D1E90B34234392
:103FD0004C6B23434C6A23438C8A43EA84430C6A28
:103FE0002343CC682343CC6923438C6923430C6867
:103FF0002343134304686361B2F1406FC9D04B6837
:104000000468A36185E0D1E90B3423434C6B23435F
:104010004C6A23438C8A43EA84430C6A2343CC6969
:1040200023438C6923430C6823431343046863616F
:104030006FE0FFE70B6AC3B38B680468E361CB6989
:10404000EBB1D1E90B3423434C6B23434C6A23433C
:104050008C8A43EA84430C6923430C6A2343CC686B
:104060002343CC6923438C6923431343046863616E
:10407000B2F1406F4DD04B680468A36149E0D1E9CB
:104080000B3423434C6B23434C6A23438C8A43EA0F
:1040900084430C6923430C6A2343CC6923438C6912
:1040A000234313430468636133E0FFE7CB69DBB16B
:1040B000D1E90B3423434C6B23434C6A23438C8A52
:1040C00043EA84430C6A2343CC682343CC692343EB
:1040D0008C692343134304686361B2F1406F18D0C5
:1040E0004B680468A36114E04B6A93B1D1E90B34C7
:1040F00023434C6B23434C6A23438C8A43EA844317
:104100000C6A2343CC6923438C692343134304681B
:10411000636110BD2DE9F04104460E4617469846EE
:10412000069D12E0681C80B1FDF738F8A0EB08008E
:10413000A84200D84DB9042084F84100606C40F0DA
:10414000010060640120BDE8F08120688068304093
:1041500008B1012000E00020B842E3D10020F2E7DE
:104160002DE9F04104460E4600275548006800F04E
:104170000300032802D10120BDE8F081504828380F
:10418000006820F080604E4928390860FDF706F885
:10419000054606E0FDF702F8401B022801D903207E
:1041A000EAE7474828380068C0F3C0600028F1D12A
:1041B00000BF4348006820F47C30216840EA0130A9
:1041C0003F490860A088401EC0F30800A168491E4E
:1041D0004FF47E4202EA41210843A189491ED201DF
:1041E00002EA01410843217C491E120202EA0161F0
:1041F000084333491031086000BF3148001D006892
:1042000020F0C000616908432D49091D0860084677
:10421000006820F02000A16908432949091D0860B1
:104220000846006820F01000086025481430006837
:104230004FF6F8718843E16940EAC1002049143122
:1042400008601F48001D006840F010001C49091D4F
:1042500008602EB90846006840F40020086012E0AB
:10426000012E08D11648001D006840F48010144942
:10427000091D086007E01248001D006840F40010A6
:104280000F49091D08600E482838006840F080601A
:104290000B4928390860FCF781FF054606E0FCF76A
:1042A0007DFF401B022801D9032065E70448283818
:1042B0000068C0F3C0600028F1D038465CE7000019
:1042C000284402582DE9F04104460E46002755487F
:1042D000006800F00300032802D10120BDE8F0814E
:1042E00050482838006820F080504E49283908602E
:1042F000FCF754FF054606E0FCF750FF401B022880
:1043000001D90320EAE7474828380068C0F3407025
:104310000028F1D100BF4348006820F07C7021885C
:1043200040EA01503F490860A088401EC0F30800E1
:10433000A168491E4FF47E4202EA41210843A18947
:10434000491ED20102EA01410843217C491E1202A2
:1043500002EA0161084333491831086000BF31485F
:10436000001D006820F44060616908432D49091D63
:1043700008600846006820F40070A16908432949D4
:10438000091D08600846006820F480700860254810
:104390001C3000684FF6F8718843E16940EAC100BB
:1043A00020491C3108601F48001D006840F48070DF
:1043B0001C49091D08602EB90846006840F48000B9
:1043C000086012E0012E08D11648001D006840F474
:1043D00000001449091D086007E01248001D00682C
:1043E00040F080700F49091D08600E4828380068A9
:1043F00040F080500B4928390860FCF7CFFE054695
:1044000006E0FCF7CBFE401B022801D9032065E73C
:10441000044828380068C0F340700028F1D03846BE
:104420005CE700002844025810B50023234C2360A9
:1044300000BF00BF00BFBFF34F8F00BF00BF00BF72
:10444000231F1868C0F34E3100BFC0F3C90200BF7C
:1044500043F6E07303EA41134FF0404404EA8274E8
:104460002343174C236000BF00BF131EA2F10102BB
:10447000EED10B1EA1F10101E7D100BF00BF00BFCB
:10448000BFF34F8F00BF00BF00BF0C4B703B1B68DA
:1044900043F48033094C703C236000BF00BF00BF71
:1044A000BFF34F8F00BF00BF00BF00BF00BF00BF02
:1044B000BFF36F8F00BF00BF00BF10BD84ED00E0F1
:1044C00060EF00E000BF00BF00BFBFF34F8F00BF31
:1044D00000BF00BF00BF00BF00BFBFF36F8F00BFB2
:1044E00000BF00BF00201449086000BF00BF00BF2C
:1044F000BFF34F8F00BF00BF00BF00BF00BF00BFB2
:10450000BFF36F8F00BF00BF00BF0C48006840F4CE
:1045100000300A49086000BF00BF00BFBFF34F8FE3
:1045200000BF00BF00BF00BF00BF00BFBFF36F8F61
:1045300000BF00BF00BF704750EF00E014ED00E087
:1045400010B500231B4C236000BF00BF00BFBFF3AA
:104550004F8F00BF00BF00BF231F1868C0F34E314C
:1045600000BFC0F3C90200BF43F6E07303EA411382
:104570004FF0404404EA827423430F4C236000BF91
:1045800000BF131EA2F10102EED10B1EA1F1010129
:10459000E7D100BF00BF00BFBFF34F8F00BF00BF18
:1045A00000BF00BF00BF00BFBFF36F8F00BF00BFE1
:1045B00000BF10BD84ED00E060EF00E0704710B573
:1045C000FCF7F2FD10BD00002448006840F47000C4
:1045D000224908602248006840F001002049086034
:1045E00000201F49103108601D4800681D4908401F
:1045F0001B49086000201A4918310860091D08602D
:10460000091D0860164928310860091D0860091D48
:104610000860091D0860091D0860091D0860091D62
:104620000860091D08600E48006820F480200C49CD
:10463000086000200A49603108600B4800686FF389
:104640000F00B0F1005F02D20120084908604FF06E
:1046500000600249803908607047000088ED00E082
:10466000004402587FEDF6EA0010005C088100511A
:1046700010B50268294B98420ED0B0F1804F0BD094
:10468000274B984208D0274B984205D0264B98429A
:1046900002D0264B984203D122F070024B681A4395
:1046A0001E4B984217D0B0F1804F14D01C4B98424B
:1046B00011D01C4B98420ED01B4B98420BD01B4B79
:1046C000984208D01A4B984205D01A4B984202D013
:1046D000194B984203D122F44072CB681A4322F05E
:1046E00080034C6943EA040202608B68C3620B6872
:1046F00083620A4B98420BD00C4B984208D00C4B6B
:10470000984205D00B4B984202D00B4B984201D1F6
:104710000B6903630123436110BD000000000140E9
:104720000004004000080040000C0040000401406C
:1047300000400140004401400048014030B501F014
:104740001F05012404FA05F3046A9C430462046A09
:1047500001F01F0502FA05F52C43046230BD00008C
:1047600030B5056A25F001050562026A436884696F
:10477000204D2C4024F003040D682C4322F002024B
:104780008D682A431C4DA84200D10FE01B4DA84262
:1047900000D10BE01A4DA84200D107E0194DA84204
:1047A00000D103E0184DA84206D100BF22F0080254
:1047B000CD682A4322F004020F4DA8420BD00F4DC2
:1047C000A84208D00E4DA84205D00E4DA84202D0F6
:1047D0000D4DA84207D123F4807323F400734D6973
:1047E0002B438D692B43436084614D6845630262AE
:1047F00030BD00008FFFFEFF0000014000040140BB
:1048000000400140004401400048014030B5056AC5
:1048100025F010050562026A43688469224D2C4028
:1048200024F440740D6844EA052422F020028D68C7
:1048300042EA05121D4DA84200D10FE01C4DA842CE
:1048400000D10BE01B4DA84200D100BF1A4DA84279
:1048500000D100BF194DA84207D106E022F0800226
:10486000CD6842EA051222F04002104DA8420BD05A
:104870000F4DA84208D00F4DA84205D00E4DA842BA
:1048800002D00E4DA84209D123F4806323F40063C3
:104890004D6943EA85038D6943EA8503436084617A
:1048A0004D688563026230BDFF8FFFFE000001404E
:1048B0000004014000400140004401400048014024
:1048C00030B5056A25F480750562026A4368C469DB
:1048D00024F0700424F003040D682C4322F40072C9
:1048E0008D6842EA05221D4DA84200D10FE01C4D03
:1048F000A84200D10BE01B4DA84200D100BF1A4DC9
:10490000A84200D100BF194DA84207D106E022F409
:104910000062CD6842EA052222F480620F4DA8426F
:104920000BD00F4DA84208D00E4DA84205D00E4D19
:10493000A84202D00D4DA84209D123F4805323F49C
:1049400000534D6943EA05138D6943EA051343603B
:10495000C4614D68C563026230BD000000000140C3
:104960000004014000400140004401400048014073
:1049700030B5056A25F480550562036A4468C2694A
:1049800022F4E04222F440720D6842EA052223F448
:1049900000538D6843EA05330C4DA8420BD00C4DF3
:1049A000A84208D00B4DA84205D00B4DA84202D01A
:1049B0000A4DA84204D124F480444D6944EA851488
:1049C0004460C2614D680564036230BD000001406F
:1049D0000004014000400140004401400048014003
:1049E00030B5056A25F480350562046A4268436D76
:1049F00023F070030D682B4324F400340D8944EA3E
:104A000005440D4DA8420BD00C4DA84208D00C4DCA
:104A1000A84205D00B4DA84202D00B4DA84204D1AC
:104A200022F480324D6942EA0522426043654D68B6
:104A30008565046230BD00000000014000040140B3
:104A400000400140004401400048014030B5056A83
:104A500025F480150562036A4468426D22F4E04241
:104A60000D6842EA052223F400130D8943EA055339
:104A70000C4DA8420BD00C4DA84208D00B4DA842BB
:104A800005D00B4DA84202D00A4DA84204D124F40F
:104A900000344D6944EA8524446042654D68C5652B
:104AA000036230BD000001400004014000400140AD
:104AB000004401400048014090F8281001F0010135
:104AC00039B10168496821F40031C26A11430268B2
:104AD000516090F8281001F00201022907D1016805
:104AE000496821F48031026B11430268516090F8EB
:104AF000281001F00401042907D10168496821F454
:104B00008021426B11430268516090F8281001F037
:104B10000801082907D10168496821F40041826B26
:104B200011430268516090F8281001F0100110291B
:104B300007D10168896821F48051C26B1143026872
:104B4000916090F8281001F02001202907D1016818
:104B5000896821F40051026C11430268916090F859
:104B6000281001F04001402913D10168496821F45F
:104B70008011426C114302685160416CB1F5801F95
:104B800007D10168496821F4C001826C11430268B1
:104B9000516090F8281001F08001802907D1016848
:104BA000496821F40021C26C1143026851607047CA
:104BB00038B504460020C4F88800FCF7EFFA054633
:104BC0002068006800F0080008280CD16FF07E40D3
:104BD0002B4600224FF400110090204601F0EEFC1D
:104BE00008B1032038BD2068006800F004000428E4
:104BF0000CD16FF07E402B4600224FF480010090D4
:104C0000204601F0DBFC08B10320EBE72020C4F8CC
:104C10008000C4F8840000BF002084F87C0000BF3E
:104C200000BFDFE770B50546AC6B0020A4F85E005E
:104C3000A4F856002046FEF794FE70BD016809688E
:104C400021F490710268116001688968044A11407A
:104C5000026891602021C0F884100021C16670476D
:104C6000FEFFFFEF10B504462068006820F040000A
:104C7000216808602020C4F88000002020672046BA
:104C8000FFF7FEF810BD2DE9F0410446B4F860705E
:104C9000D4F88400222826D12068406A86B2A56D07
:104CA00006EA07002880A06D801CA065B4F85E00AD
:104CB000401EA4F85E00B4F85E00D0B92068006819
:104CC00020F49070216808602068806820F001005E
:104CD000216888602020C4F884000020E066204617
:104CE000FFF780F805E02068806940F0080021683F
:104CF0008861BDE8F08100002DE9F0470446B4F872
:104D00006090D4F88400222843D1B4F8685028E099
:104D10002068406A1FFA80F8A76D08EA0900388009
:104D2000A06D801CA065B4F85E00401EA4F85E0073
:104D3000B4F85E0098B92068006820F4807021689B
:104D40000860206880681749084021688860202032
:104D5000C4F884000020E0662046FFF743F8681E90
:104D600085B2002DD4D1B4F85E60C6B1B4F8680045
:104D7000B04214DD2068806820F08050216888608F
:104D80000948E0662068006840F02000216808605B
:104D900005E02068806940F0080021688861BDE86E
:104DA000F0870000FEFFFFEF874C000870B5044657
:104DB000B4F86060D4F88400222826D12068406AC4
:104DC00085B2F0B22840A16D0870A06D401CA065AE
:104DD000B4F85E00401EA4F85E00B4F85E00D0B9DE
:104DE0002068006820F4907021680860206880685E
:104DF00020F00100216888602020C4F88400002091
:104E0000E0662046FEF7EEFF05E02068806940F08E
:104E100008002168886170BD2DE9F0410446B4F8AE
:104E20006080D4F88400222843D1B4F8685028E088
:104E30002068406A87B208F0FF003840A16D087012
:104E4000A06D401CA065B4F85E00401EA4F85E0092
:104E5000B4F85E0098B92068006820F4807021687A
:104E60000860206880681749084021688860202011
:104E7000C4F884000020E0662046FEF7B3FF681EF9
:104E800085B2002DD4D1B4F85E60C6B1B4F8680024
:104E9000B04214DD2068806820F08050216888606E
:104EA0000948E0662068006840F02000216808603A
:104EB00005E02068806940F0080021688861BDE84D
:104EC000F0810000FEFFFFEFAD4D00082DE9F04F2F
:104ED00089B004464FF00009002007908346F94945
:104EE0002068884200D100E000BF2169A068084323
:104EF00061690843E16940EA010A606E40EA0A0A12
:104F000020680068F049084040EA0A00216808600B
:104F10002068406820F44050E168084321684860F8
:104F2000D4F818A0E7492068884202D0206A40EAF5
:104F30000A0A20688068E549084040EA0A002168BA
:104F400088602068C06A20F00F00616A0843216809
:104F5000C86200BFDE492068884220D1DD48006871
:104F600000F03800182811D005DC48B1082809D015
:104F7000102811D108E020280AD028280CD109E0F7
:104F800001250BE0042509E0082507E0102505E0D0
:104F9000202503E0402501E0802500BFF8E0CE4950
:104FA0002068884219D1CB48006800F00700062825
:104FB00010D2DFE800F0030507090B0D00250BE018
:104FC000042509E0082507E0102505E0202503E079
:104FD000402501E0802500BFDAE0C0492068884212
:104FE00019D1BC48006800F00700062810D2DFE89D
:104FF00000F0030507090B0D00250BE0042509E06F
:10500000082507E0102505E0202503E0402501E004
:10501000802500BFBCE0B2492068884219D1AD4864
:10502000006800F00700062810D2DFE800F0030552
:1050300007090B0D00250BE0042509E0082507E012
:10504000102505E0202503E0402501E0802500BF74
:105050009EE0A4492068884219D19E48006800F06B
:105060000700062810D2DFE800F0030507090B0D42
:1050700000250BE0042509E0082507E0102505E0E0
:10508000202503E0402501E0802500BF80E096490F
:105090002068884220D18F48006800F03800182826
:1050A00011D005DC48B1082809D0102811D108E03A
:1050B00020280AD028280CD109E001250BE004257E
:1050C00009E0082507E0102505E0202503E040253C
:1050D00001E0802500BF5BE084492068884219D147
:1050E0007C48006800F00700062810D2DFE800F0D6
:1050F000030507090B0D00250BE0042509E0082531
:1051000007E0102505E0202503E0402501E080258B
:1051100000BF3DE076492068884219D16D4800689B
:1051200000F00700062810D2DFE800F003050709A9
:105130000B0D00250BE0042509E0082507E01025EC
:1051400005E0202503E0402501E0802500BF1FE0A9
:105150005C49206888421AD15E48001D006800F052
:105160000700062810D2DFE800F0030507090B0D41
:1051700002250BE0042509E0082507E0102505E0DD
:10518000202503E0402501E0802500BF00E08025C8
:1051900000BF4C492068884271D1102D70D006DCC8
:1051A000022D09D0042D49D0082D6AD1A6E0202D6A
:1051B00068D0402DF9D1B3E1FCF75EFB616A09B913
:1051C000012138E0616A012901D1022133E0616ADD
:1051D000022901D104212EE0616A032901D10621AF
:1051E00029E0616A042901D1082124E0616A0529C6
:1051F00001D10A211FE0616A062901D10C211AE0C0
:10520000616A072901D1102115E0616A082901D1DD
:10521000202110E0616A092901D140210BE0616A77
:105220000A2901D1802106E0616A0B2902D14FF4DD
:10523000807100E00121B0FBF1FBB6E104A8FCF7AE
:105240002DFB0598616A09B9012154E0616A0129C1
:1052500001D102214FE0616A022901D104214AE013
:10526000616A032901D1062145E0616A042901D15F
:10527000082140E0616A052905D10A213BE0FDE3F0
:1052800080E08FE10BE1616A062901D10C2132E057
:10529000616A072901D110212DE0616A082901D135
:1052A000202128E0616A092901D1402123E0616AB7
:1052B0000A2901D180211EE0616A0B291AD14FF41D
:1052C000807118E0000C0058F369FFCFFFF4FF1164
:1052D000001001405444025800440040004800407F
:1052E000004C004000500040001401400078004095
:1052F000007C00400121B0FBF1FB56E101A8FCF766
:10530000E5FB0298616A09B9012138E0616A012967
:1053100001D1022133E0616A022901D104212EE08A
:10532000616A032901D1062129E0616A042901D1BA
:10533000082124E0616A052901D10A211FE0616A80
:10534000062901D10C211AE0616A072901D1102137
:1053500015E0616A082901D1202110E0616A09295C
:1053600001D140210BE0616A0A2901D1802106E0C8
:10537000616A0B2902D14FF4807100E00121B0FB7A
:10538000F1FB12E1FA480068C0F3401088B3F84816
:105390000068C0F3C101F748C840616A09B901213A
:1053A00039E0616A012901D1022134E0616A0229F0
:1053B00001D104212FE0616A032901D106212AE0ED
:1053C000616A042901D1082125E0616A052901D11A
:1053D0000A2120E0616A062901D10C211BE0616AE3
:1053E000072901D1102116E0616A082902D1202184
:1053F00011E013E0616A092901D140210BE0616AE3
:105400000A2901D1802106E0616A0B2902D14FF4FB
:10541000807100E00121B0FBF1FB3FE0606A08B958
:10542000012038E0606A012801D1022033E0606A7F
:10543000022801D104202EE0606A032801D1062051
:1054400029E0606A042801D1082024E0606A052868
:1054500001D10A201FE0606A062801D10C201AE061
:10546000606A072801D1102015E0606A082801D180
:10547000202010E0606A092801D140200BE0606A1A
:105480000A2801D1802006E0606A0B2802D14FF47F
:10549000807000E00120B749B1FBF0FB85E0606A55
:1054A00008B9012038E0606A012801D1022033E008
:1054B000606A022801D104202EE0606A032801D12D
:1054C000062029E0606A042801D1082024E0606AEF
:1054D000052801D10A201FE0606A062801D10C20AE
:1054E0001AE0606A072801D1102015E0606A0828D8
:1054F00001D1202010E0606A092801D140200BE092
:10550000606A0A2801D1802006E0606A0B2802D177
:105510004FF4807000E001209749B1FBF0FB44E0BC
:10552000606A08B9012038E0606A012801D10220D0
:1055300033E0606A022801D104202EE0606A03286B
:1055400001D1062029E0606A042801D1082024E066
:10555000606A052801D10A201FE0606A062801D18F
:105560000C201AE0606A072801D1102015E0606A5B
:10557000082801D1202010E0606A092801D14020CC
:105580000BE0606A0A2801D1802006E0606A0B28DF
:1055900002D14FF4807000E001204FF40041B1FBD4
:1055A000F0FB02E00120079000BF00BFBBF1000F3D
:1055B00000F0F287606800EB4000584503D860684F
:1055C0000003584503D20120079000F0E5BF102DDD
:1055D00075D006DC022D09D0042D67D0082D6FD1BF
:1055E000CCE0202D6DD0402DF9D14DE2FCF744F9EF
:1055F0008046606A08B9012238E0606A012801D15A
:10560000022233E0606A022801D104222EE0606A9F
:10561000032801D1062229E0606A042801D108226A
:1056200024E0606A052801D10A221FE0606A06288A
:1056300001D10C221AE0606A072801D1102215E07E
:10564000606A082801D1202210E0606A092801D18F
:1056500040220BE0606A0A2801D1802206E0606ADD
:105660000B2802D14FF4807200E0012294460023FF
:1056700040461946FAF78BFE4FF4807300228C46A1
:10568000A0FB031E0CFB03E300FB02336068400831
:105690008C461CEB000643EB0201D4F804C06246C2
:1056A00000233046FAF773FE81464EE204A8FCF769
:1056B000F5F8DDF814E0606A20B901223BE0BFE0B4
:1056C00040E282E1606A012801D1022233E0606A8F
:1056D000022801D104222EE0606A032801D10622AB
:1056E00029E0606A042801D1082224E0606A0528C4
:1056F00001D10A221FE0606A062801D10C221AE0BB
:10570000606A072801D1102215E0606A082801D1DB
:10571000202210E0606A092801D140220BE0606A73
:105720000A2801D1802206E0606A0B2802D14FF4DA
:10573000807200E001229446002370461946FAF771
:1057400026FE4FF4807C0022A0FB0C3E01FB0CE106
:1057500000FB0211606840081E185141D4F804C0D3
:10576000624600233046FAF712FE8146EDE1000062
:10577000004402580090D00300093D0001A8FCF746
:10578000A5F9DDF808C0606A08B9012238E0606A4E
:10579000012801D1022233E0606A022801D10422EB
:1057A0002EE0606A032801D1062229E0606A0428FD
:1057B00001D1082224E0606A052801D10A221FE0F5
:1057C000606A062801D10C221AE0606A072801D11C
:1057D000102215E0606A082801D1202210E0606ADA
:1057E000092801D140220BE0606A0A2801D18022F9
:1057F00006E0606A0B2802D14FF4807200E00122BB
:105800009646002360461946FAF7C1FD4FF48073AF
:1058100000228C46A0FB031E0CFB03E300FB0233BB
:10582000606840088C461CEB000643EB0201D4F88C
:1058300004C0624600233046FAF7A9FD814684E1A0
:10584000F8480068C0F3401090B3F6480068C0F311
:10585000C101F54820FA01FE606A08B9012239E069
:10586000606A012801D1022234E0606A022801D175
:1058700004222FE0606A032801D106222AE0606A30
:10588000042801D1082225E0606A052801D10A22F6
:1058900020E0606A062801D10C221BE0606A07281C
:1058A00001D1102216E0606A082802D1202211E0FE
:1058B00030E0606A092801D140220BE0606A0A28C2
:1058C00001D1802206E0606A0B2802D14FF4807279
:1058D00000E001229446002370461946FAF757FD6E
:1058E0004FF4807300228C46A0FB031E0CFB03E3E5
:1058F00000FB0233606840088C461CEB000643EB5B
:105900000201D4F804C0624600233046FAF73FFD96
:10591000814659E0606A08B9012238E0606A0128CE
:1059200001D1022233E0606A022801D104222EE074
:10593000606A032801D1062229E0606A042801D1A7
:10594000082224E0606A052801D10A221FE0606A6B
:10595000062801D10C221AE0606A072801D1102222
:1059600015E0606A082801D1202210E0606A092849
:1059700001D140220BE0606A0A2801D1802206E0B2
:10598000606A0B2802D14FF4807200E00122944635
:105990000023A5481946FAF7FAFC4FF48073002259
:1059A0008C46A0FB031E0CFB03E300FB0233606884
:1059B00040080E1843EB0201D4F804C062460023ED
:1059C0003046FAF7E4FC8146BFE0606A08B901227C
:1059D00038E0606A012801D1022233E0606A0228BF
:1059E00001D104222EE0606A032801D1062229E0B9
:1059F000606A042801D1082224E0606A052801D1E8
:105A00000A221FE0606A062801D10C221AE0606AAF
:105A1000072801D1102215E0606A082801D1202250
:105A200010E0606A092801D140220BE0606A0A2870
:105A300001D1802206E0606A0B2802D14FF4807207
:105A400000E001229446002378481946FAF79FFCAB
:105A50004FF4807300228C46A0FB031E0CFB03E373
:105A600000FB0233606840088C461CEB000643EBE9
:105A70000201D4F804C06246002300E073E030461F
:105A8000FAF785FC814660E0606A08B9012238E0D7
:105A9000606A012801D1022233E0606A022801D144
:105AA00004222EE0606A032801D1062229E0606A00
:105AB000042801D1082224E0606A052801D10A22C5
:105AC0001FE0606A062801D10C221AE0606A0728EC
:105AD00001D1102215E0606A082801D1202210E0CF
:105AE000606A092801D140220BE0606A0A2801D1CE
:105AF000802206E0606A0B2802D14FF4807200E039
:105B00000122944600234FF400401946FAF73FFC67
:105B10004FF4807300228C46A0FB031E0CFB03E3B2
:105B200000FB0233606840088C461CEB000643EB28
:105B30000201D4F804C0624600233046FAF727FC7D
:105B4000814602E00120079000BF00BFB9F5407F09
:105B500006D3B9F5801F03D22068C0F80C9034E555
:105B60000120079031E5E069B0F5004F71D1082DB3
:105B700070D005DC5DB1012D5AD0042D6BD1A7E0AA
:105B8000102D69D0202D68D0402DF7D11EE2FCF7F2
:105B9000DDFF8046606A08B9012038E0606A0128AC
:105BA00001D1022033E0606A022801D104202EE0F6
:105BB000606A032801D1062029E0606A042801D127
:105BC000082024E0606A052801D10A201FE0606AED
:105BD000062801D10C201AE0606A072801D11020A4
:105BE00015E0606A082801D1202010E0606A0928C9
:105BF00001D140200BE0606A0A2801D1802006E034
:105C0000606A0B2802D14FF4807000E00120B8FBDD
:105C1000F0F04000616800EB5100B0FBF1F01FFABA
:105C200080F920E2004402580090D00300093D00B2
:105C3000FCF79EFF8046606A08B901203DE0606A7B
:105C4000012801D1022038E0606A022806D1042030
:105C500033E020E288E003E2D2E06EE1606A0328EC
:105C600001D1062029E0606A042801D1082024E03F
:105C7000606A052801D10A201FE0606A062801D168
:105C80000C201AE0606A072801D1102015E0606A34
:105C9000082801D1202010E0606A092801D14020A5
:105CA0000BE0606A0A2801D1802006E0606A0B28B8
:105CB00002D14FF4807000E00120B8FBF0F040000A
:105CC000616800EB5100B0FBF1F01FFA80F9CAE106
:105CD00004A8FBF7E3FD0598616A09B9012138E0E2
:105CE000616A012901D1022133E0616A022901D1EF
:105CF00004212EE0616A032901D1062129E0616AAD
:105D0000042901D1082124E0616A052901D10A2171
:105D10001FE0616A062901D10C211AE0616A072996
:105D200001D1102115E0616A082901D1202110E07C
:105D3000616A092901D140210BE0616A0A2901D178
:105D4000802106E0616A0B2902D14FF4807100E0E6
:105D50000121B0FBF1F04000616800EB5100B0FBA5
:105D6000F1F01FFA80F97EE101A8FBF7AFFE02987F
:105D7000616A09B9012138E0616A012901D1022172
:105D800033E0616A022901D104212EE0616A03290E
:105D900001D1062129E0616A042901D1082124E00A
:105DA000616A052901D10A211FE0616A062901D132
:105DB0000C211AE0616A072901D1102115E0616AFE
:105DC000082901D1202110E0616A092901D140216F
:105DD0000BE0616A0A2901D1802106E0616A0B2982
:105DE00002D14FF4807100E00121B0FBF1F04000DE
:105DF000616800EB5100B0FBF1F01FFA80F932E16D
:105E0000F9480068C0F3401088B3F7480068C0F351
:105E1000C101F648C840616A09B9012139E0616AE7
:105E2000012901D1022134E0616A022901D1042152
:105E30002FE0616A032901D106212AE0616A042961
:105E400001D1082125E0616A052901D10A2120E05C
:105E5000616A062901D10C211BE0616A072901D181
:105E6000102116E0616A082902D1202111E01BE00F
:105E7000616A092901D140210BE0616A0A2901D137
:105E8000802106E0616A0B2902D14FF4807100E0A5
:105E90000121B0FBF1F04000616800EB5100B0FB64
:105EA000F1F01FFA80F947E0606A08B9012038E094
:105EB000606A012801D1022033E0606A022801D122
:105EC00004202EE0606A032801D1062029E0606AE0
:105ED000042801D1082024E0606A052801D10A20A5
:105EE0001FE0606A062801D10C201AE0606A0728CA
:105EF00001D1102015E0606A082801D1202010E0AF
:105F0000606A092801D140200BE0606A0A2801D1AB
:105F1000802006E0606A0B2802D14FF4807000E018
:105F20000120B249B1FBF0F04000616800EB510084
:105F3000B0FBF1F01FFA80F995E0606A08B9012022
:105F400038E0606A012801D1022033E0606A02284B
:105F500001D104202EE0606A032801D1062029E047
:105F6000606A042801D1082024E0606A052801D174
:105F70000A201FE0606A062801D10C201AE0606A3E
:105F8000072801D1102015E0606A082801D12020DF
:105F900010E0606A092801D140200BE0606A0A28FD
:105FA00001D1802006E0606A0B2802D14FF4807096
:105FB00000E001208E49B1FBF0F04000616800EB89
:105FC0005100B0FBF1F01FFA80F94CE0606A08B9AB
:105FD000012038E0606A012801D1022033E0606AC4
:105FE000022801D104202EE0606A032801D1062096
:105FF00029E0606A042801D1082024E0606A0528AD
:1060000001D10A201FE0606A062801D10C201AE0A5
:10601000606A072801D1102015E0606A082801D1C4
:10602000202010E0606A092801D140200BE0606A5E
:106030000A2801D1802006E0606A0B2802D14FF4C3
:10604000807000E001204FF40041B1FBF0F040000F
:10605000616800EB5100B0FBF1F01FFA80F902E03B
:106060000120079000BF00BFB9F1100F10D3B9F5A0
:10607000803F0DD24FF6F07009EA00000890C9F396
:10608000420108980843089008982168C86083E294
:106090000120079080E2082D72D005DC5DB1012D52
:1060A00053D0042D6DD1A5E0102D6BD0202D6AD0DA
:1060B000402D66D117E2FCF749FD8046606A08B9B9
:1060C000012038E0606A012801D1022033E0606AD3
:1060D000022801D104202EE0606A032801D10620A5
:1060E00029E0606A042801D1082024E0606A0528BC
:1060F00001D10A201FE0606A062801D10C201AE0B5
:10610000606A072801D1102015E0606A082801D1D3
:10611000202010E0606A092801D140200BE0606A6D
:106120000A2801D1802006E0606A0B2802D14FF4D2
:10613000807000E00120B8FBF0F0616800EB5100D6
:10614000B0FBF1F01FFA80F919E2FCF711FD80466F
:10615000606A08B901203CE0606A012801D1022090
:1061600037E0606A022801D1042032E0606A032827
:1061700001D106202DE0606A042805D1082028E01E
:1061800083E0F9E1CCE066E1606A052801D10A20EC
:106190001FE0606A062801D10C201AE0606A072817
:1061A00001D1102015E0606A082801D1202010E0FC
:1061B000606A092801D140200BE0606A0A2801D1F9
:1061C000802006E0606A0B2802D14FF4807000E066
:1061D0000120B8FBF0F0616800EB5100B0FBF1F07A
:1061E0001FFA80F9CBE10000004402580090D00370
:1061F00000093D0004A8FBF751FB0598616A09B945
:10620000012138E0616A012901D1022133E0616A8C
:10621000022901D104212EE0616A032901D106215E
:1062200029E0616A042901D1082124E0616A052975
:1062300001D10A211FE0616A062901D10C211AE06F
:10624000616A072901D1102115E0616A082901D18D
:10625000202110E0616A092901D140210BE0616A27
:106260000A2901D1802106E0616A0B2902D14FF48D
:10627000807100E00121B0FBF1F0616800EB51009A
:10628000B0FBF1F01FFA80F979E101A8FBF71EFCE1
:106290000298616A09B9012138E0616A012901D1D6
:1062A000022133E0616A022901D104212EE0616AF2
:1062B000032901D1062129E0616A042901D10821BD
:1062C00024E0616A052901D10A211FE0616A0629DB
:1062D00001D10C211AE0616A072901D1102115E0D2
:1062E000616A082901D1202110E0616A092901D1E0
:1062F00040210BE0616A0A2901D1802106E0616A30
:106300000B2902D14FF4807100E00121B0FBF1F0C4
:10631000616800EB5100B0FBF1F01FFA80F92EE14B
:10632000A3480068C0F3401088B3A1480068C0F3D8
:10633000C101A048C840616A09B9012139E0616A18
:10634000012901D1022134E0616A022901D104212D
:106350002FE0616A032901D106212AE0616A04293C
:1063600001D1082125E0616A052901D10A2120E037
:10637000616A062901D10C211BE0616A072901D15C
:10638000102116E0616A082902D1202111E01AE0EB
:10639000616A092901D140210BE0616A0A2901D112
:1063A000802106E0616A0B2902D14FF4807100E080
:1063B0000121B0FBF1F0616800EB5100B0FBF1F09E
:1063C0001FFA80F946E0606A08B9012038E0606A87
:1063D000012801D1022033E0606A022801D10420A3
:1063E0002EE0606A032801D1062029E0606A0428B3
:1063F00001D1082024E0606A052801D10A201FE0AD
:10640000606A062801D10C201AE0606A072801D1D1
:10641000102015E0606A082801D1202010E0606A91
:10642000092801D140200BE0606A0A2801D18020B0
:1064300006E0606A0B2802D14FF4807000E0012072
:106440005C49B1FBF0F0616800EB5100B0FBF1F08A
:106450001FFA80F993E0606A08B9012038E0606AA9
:10646000012801D1022033E0606A022801D1042012
:106470002EE0606A032801D1062029E0606A042822
:1064800001D1082024E0606A052801D10A201FE01C
:10649000606A062801D10C201AE0606A072801D141
:1064A000102015E0606A082801D1202010E0606A01
:1064B000092801D140200BE0606A0A2801D1802020
:1064C00006E0606A0B2802D14FF4807000E00120E2
:1064D0003949B1FBF0F0616800EB5100B0FBF1F01D
:1064E0001FFA80F94BE0606A08B9012038E0606A61
:1064F000012801D1022033E0606A022801D1042082
:106500002EE0606A032801D1062029E0606A042891
:1065100001D1082024E0606A052801D10A201FE08B
:10652000606A062801D10C201AE0606A072801D1B0
:10653000102015E0606A082801D1202010E0606A70
:10654000092801D140200BE0606A0A2801D180208F
:1065500006E0606A0B2802D14FF4807000E0012051
:106560004FF40041B1FBF0F0616800EB5100B0FB6B
:10657000F1F01FFA80F902E00120079000BF00BF90
:10658000B9F1100F06D3B9F5803F03D22068C0F8E7
:106590000C9001E0012007900120A4F86A00A4F803
:1065A00068000020E0662067079809B0BDE8F08F1A
:1065B000004402580090D00300093D002DE9F0414D
:1065C00004460D4617469846069E4AE0701C002871
:1065D00047D0FAF7E3FDA0EB0800B04200D8C6B9F7
:1065E0002068006820F4D070216808602068806806
:1065F00020F00100216888602020C4F88000C4F8E1
:10660000840000BF002084F87C0000BF0320BDE8A8
:10661000F0812068006800F0040010B32068C069B1
:10662000C0F3C020E8B14FF4006021680862206820
:10663000006820F4D070216808602068806820F02D
:106640000100216888602020C4F88000C4F884001C
:10665000C4F8880000BF002084F87C0000BF03203D
:10666000D5E72068C0692840A84201D1012000E098
:106670000020B842AAD00020C9E7000010B50248A7
:10668000FDF770F910BD00003401002000BFFEE7E7
:1066900002480068C0F30220704700000CED00E0E3
:1066A00010B5002804DB0A07130E054A135406E050
:1066B0000A07140E034A00F00F031B1FD45410BD29
:1066C00000E400E018ED00E030380A2801D2012093
:1066D00070470020704700BF7047000000B587B0CA
:1066E00000BF00BF1048006840F010000E4908606D
:1066F0000846006800F01000019000BF00BF00BF16
:1067000010200290012003900490059002A90748F0
:10671000FAF72CFC00BF002210210448FAF732FDE2
:1067200000BF07B000BD0000E0440258001002584E
:1067300010B5FFF7D3FF10BD10B5044634B100BF4C
:10674000012210210548FAF71DFD06E000BF0022D6
:1067500010210248FAF716FD00BF10BD00100258C4
:1067600010B5024611680878802803D2481C1060D2
:10677000087810BD087800F0E000C0280ED14878F5
:1067800000F0C000802809D1087800F01F044B7881
:1067900064F39F13881C10601846EAE7087800F03D
:1067A000F000E0281AD1487800F0C000802815D108
:1067B000887800F0C000802810D108780007000C0D
:1067C0004C7804F03F0440EA84108C7804F03F04D5
:1067D00040EA0403C81C10601846CAE7481C106051
:1067E0003F20C6E72DE9F05F06460F4690469946E2
:1067F00000241CE008F1020030F814A0002512E08B
:106800004FF40040284100EA0A0008B1484600E081
:106810000A9883463A1991B2721990B25A4601F019
:1068200039F9681CC5B2102DEAD3601CC4B2102C13
:10683000E0D3BDE8F09F2DE9F04706460F469046AD
:10684000994600241EE0002518E024B10F2C02D048
:106850000DB10F2D01D1012000E000208246BAF1D8
:10686000000F01D0434600E04B461A463B1999B24F
:10687000731998B201F00EF9681CC5B2102DE4D35B
:10688000601CC4B2102CDED3BDE8F08702460021A4
:106890000DE001EB0110084B33F81000904204D1D9
:1068A00001EB011003EB40007047481C81B24C29FA
:1068B000EFDB0020F8E70000020101082DE9FF5F8F
:1068C00004460E4617469846DDF838900397A246D0
:1068D0002B48006802900FB9BDE8FF9F2848C0F818
:1068E000009043E003A8FFF73BFF05460A2D04D1C3
:1068F000544606F1100086B238E0202D0ED37E2DCE
:106900000CD80020EAB210233146CDE90008204619
:1069100004F062F904F1080084B219E0A8B2FFF7AC
:10692000B5FF8346BBF1000F08D043465A463146B7
:106930002046CDF80090FFF755FF05E04B46424654
:1069400031462046FFF777FF04F1100084B200BF04
:106950000C480088A04203DC544606F1100086B2C1
:1069600008484088B04200DC04E000BF039800788B
:106970000028B7D100BF02490298086000BFABE70A
:10698000380000200C02002030B587B0142102A886
:10699000F9F767FF00BF2348006840F00100214974
:1069A00008600846006800F00100019000BF00BFC9
:1069B00000BF0846006840F0040008600846006810
:1069C00000F00400019000BF00BF002003900120F0
:1069D00004900020059049F20200029002A912489A
:1069E000FAF7C4FA0120029002A91048FAF7BEFA99
:1069F00000F08AF80E490870084600780D490870C2
:106A000000200D490870FAF7C9FB0546002404E090
:106A10000A4840F82450601CC4B2042CF8D307B0D4
:106A200030BD0000E044025800000258000802583F
:106A30006000002061000020620000206812002039
:106A40002DE9F041FAF7AAFB064600F05DF807468B
:106A5000002530E00120A840C4B207EA0400234921
:106A600009782140884208D02048007860401F49BA
:106A700008701F4840F825601BE01E480078204041
:106A80001A4909782140884213D0194850F8250046
:106A9000301A14280DD31748007860401549087043
:106AA00008460078204020B113480078204312495E
:106AB0000870681CC5B2042DCCD3002511E001205C
:106AC000A840C4B20C480078204040B10A48007881
:106AD000A04309490870681CC0B2BDE8F081681C79
:106AE000C5B2042DEBD30020F7E7000060000020C2
:106AF0006812002061000020620000200148007838
:106B0000704700006100002070B5002500240EE0F1
:106B1000094A32F81410094A52F82400FAF72AFBFD
:106B200018B90120A040C0B20543601CC4B2042CB7
:106B3000EED3284670BD0000FA0001085000002086
:106B400000B587B0142102A8F9F78BFE00BF2948D1
:106B5000006840F00100274908600846006800F01E
:106B60000100019000BF00BF00BF0846006840F070
:106B7000020008600846006800F00200019000BFB3
:106B800000BF00BF0846006840F0040008600846E7
:106B9000006800F00400019000BF00BF01200390D6
:106BA0000020049005904FF44040029002A9124842
:106BB000FAF7DCF9029881B200220F48FAF7E2FAFC
:106BC0000820029002A90D48FAF7D0F9029881B284
:106BD00000220A48FAF7D6FA0820029002A90848CB
:106BE000FAF7C4F9029881B200220548FAF7CAFA06
:106BF00007B000BDE04402580004025800000258EB
:106C00000008025870B504460D46042C00DB70BD28
:106C10000DB1012300E000231A46054B33F8141090
:106C2000044B53F82400FAF7ADFA00BFEFE7000079
:106C3000F20001084000002070B50546002408E07D
:106C400045FA04F000F001012046FFF7DBFF601C6D
:106C5000C4B2042CF4DB70BD10B5002405E00F2194
:106C6000204600F079F8601CC4B2042CF7D310BDA4
:106C700000B587B0142102A8F9F7F3FD00BF324830
:106C8000006840F00100304908600846006800F0E4
:106C90000100019000BF00BF00BF0846006840F03F
:106CA000020008600846006800F00200019000BF82
:106CB00000BF00BF0846006840F0100008600846AA
:106CC000006800F01000019000BF00BF4FF480503A
:106CD00002900120039000200490059002A91B4817
:106CE000FAF744F90420029002A91948FAF73EF98C
:106CF0000120029002A91748FAF738F94FF08050A6
:106D000012491831086080121149886180101149B8
:106D1000886100210F2000F097F800210C2000F07E
:106D200093F80F21092000F08FF803210B2000F0C9
:106D30008BF8032000F01CF8FFF78EFF01210C20D8
:106D400000F082F807B000BDE04402580004025889
:106D5000000002580010025870B504460D46042C7D
:106D600005D2C4F10401C8B2294600F06DF870BD27
:106D700010B504460F2C00D90F2421460A2000F03C
:106D800063F810BDF8B505462DA0006800900026F8
:106D900015F57A7F01DC2B4D04E042F20F7085423D
:106DA00000DD0546002D03DA0126684284B200E0CA
:106DB000ACB20A20B4FBF0F100FB11408DF80300E7
:106DC0000A20B4FBF0F4B4FBF0F100FB114040F0FA
:106DD00080008DF802000A20B4FBF0F47CB1B4FB13
:106DE000F0F100FB11408DF801000A20B4FBF0F433
:106DF0002CB1B4FBF0F100FB11408DF8000056B14E
:106E00009DF801000F2803D10A208DF8010002E04F
:106E10000A208DF800009DF800100020FFF79CFF6D
:106E20009DF801100120FFF797FF9DF80210022046
:106E3000FFF792FF9DF803100320FFF78DFFF8BDC9
:106E40000F0F0F0F19FCFFFF30B5024641EA022376
:106E50004FF48034124DAC610F2015E04FF48024C4
:106E6000104DAC61012484401C4024B14FF4805487
:106E70000D4D2C6003E04FF080540B4D2C6004242A
:106E8000084DAC61441E60B20028E7DA4FF480245C
:106E9000044DAC610124024DAC612404AC6130BDF1
:106EA00000100258000002581804025801464EF61D
:106EB0001770814207D046F61700814203D045F291
:106EC0001720814201D1012070470020FCE700001B
:106ED00010B504F087F90549088008460088FFF7D7
:106EE000E5FF08B9012010BD0020FCE76A00002082
:106EF00070B504460D4616461DB1A019B0F5806F59
:106F000001D9012070BD044821183246284604F0FA
:106F100053F90020F6E7000000F0FF0070B50446CA
:106F20000D4616461DB1A019B0F5806F01D901209C
:106F300070BD034821183246284604F061F9F7E78E
:106F400000F0FF0030B58DB004460D46142108A8AE
:106F5000F9F787FC1C2101A8F9F783FC0A2C03D35D
:106F600044F62060844202D901200DB030BD3A4879
:106F7000007808B100F09AF8B5F57A7F01D94FF49E
:106F80007A7500BF3548006840F001003349086059
:106F90000846006800F00100009000BF00BF00BF7D
:106FA0002E481030006840F001002C491031086074
:106FB0000846006800F00100009000BF00BF4FF4D9
:106FC000006008900220099000200A9002200B9097
:106FD00001200C9008A92248F9F7C8FF2148B0FB0E
:106FE000F4F0401E20490860204821490860EF2045
:106FF000486000211E4881601B4801681C48C16030
:107000000021016141618161FCF7F2FB08B10220BE
:10701000ABE76020019014480068401C68434FF4BF
:107020007A71B0FBF1F002900020039005900C22E1
:1070300001A90F48FCF722FB08B1032095E70C21BA
:107040000B48FCF7F1FB08B104208EE70120024950
:107050000870002089E7000068000020E044025822
:107060000000025840420F00640000200000014070
:10707000781200200A49097801B97047B0F57A7F83
:1070800001D94FF47A7007490968491C41434FF40C
:107090007A72B1FBF2F1044A1268116400BFECE7A6
:1070A00068000020640000207812002000B585B040
:1070B00014216846F9F7D5FB1148007860B10C211E
:1070C0001048FCF7F5FB1048006820F001000E495D
:1070D000086000200A4908704FF400600090012009
:1070E000019000200290039069460848F9F73EFF9E
:1070F00000224FF400610548FAF744F805B000BDDE
:107100006800002078120020F04402580000025865
:1071100001490860704700001C00002010B50446BB
:107120004FF47A7104FB01F000F002F810BD00008A
:1071300070B5034600224FF0E02675690D4E3668A3
:1071400003FB06F44FF0E026B16910E04FF0E026B3
:10715000B06988420BD0884202D20E1A324402E053
:107160002E1A0E4432440146A24200D300E0EDE75D
:1071700000BF70BD1C0000202DE9F84F06460F46E9
:107180009046454606B10FB9BDE8F88F002D01DAEB
:10719000684200E028460446002D0FDA0A20B4FBBE
:1071A000F0F100FB1149B4FBF0FA53460CA239464A
:1071B0003046CDF80090F9F76DF90EE00A20B4FBE7
:1071C000F0F100FB1149B4FBF0FA534607A239462F
:1071D0003046CDF80090F9F75DF900BFD4E7000024
:1071E0002D256C752E256C7500000000256C752E04
:1071F000256C75001FB50446002003900CB10120DA
:1072000000E00020304908700020304908704FF637
:10721000FF7000F06FFB4FF6FF7040F2CF132CA20F
:10722000142100900846FFF749FB00202BA11022F3
:107230001346CDE9002102904FF4D7723721142074
:1072400003F06AFD00202FA110221346CDE9002192
:1072500002904FF4D7725021142003F05DFD03A873
:1072600000F0ACF868B1002003901749097809B123
:107270002DA100E032A108464FF4784100F0EAFA6F
:1072800004E04FF4FC6132A000F0E4FA0022114661
:10729000BDF90C0000F040FA0520FFF7CDFC0120FD
:1072A00030490870F9F77AFF2F4908604FF4FA70F7
:1072B0002E49086000202E4908702EA0F9F7DEF84C
:1072C00034A0F9F7DBF81FBD0E0000200D000020F0
:1072D0007374E6B58BE8AF84E9A298004B45593149
:1072E0003A204C45442073657175656E63652020B6
:1072F000204B4559323A2073656E64206B657932B4
:10730000000000004B4559333A2061612B302E3587
:107310002020202020202020204B4559343A206175
:10732000612D302E350000004E564D3A20666972B0
:107330007374207573652C2061613D302E30000020
:107340004E564D20756E617661696C61626C6500A8
:107350004E564D3A20726573746F72656420616198
:1073600000000000000000200400002008000020B1
:107370000C0000200D0A32303235206578616D2016
:107380007265666572656E6365207374617274659B
:10739000640D0A00554152543120313135323030BC
:1073A00020384E313B2073656E64207374206F72F9
:1073B0002073742B43524C460D0A00007CB50446E2
:1073C0002248007800B10CB901207CBD0822694632
:1073D0000020FFF78DFD08B10120F6E7684600F0B8
:1073E00037F805469DF80000412815D19DF80100A9
:1073F000412811D19DF8020025280DD19DF80300E8
:10740000082809D19DF80600A84205D19DF807007B
:10741000E943C9B2884201D00120D6E79DF80400B3
:107420009DF8051040EA012000B22080B4F9000068
:1074300010F57A7F05DDB4F9000042F20F71884241
:1074400001DD0120C1E70020BFE700000E000020A1
:107450000246A520002103E0535C58404B1CD9B2E2
:107460000629F9D37047000010B5FFF7E9FA044682
:1074700014B1204600F048F80A48007858B1FFF7E8
:107480003DFB00F0010030B90020064908704FF4C0
:10749000FA7000F0F7F900F069F800F005F800F074
:1074A000ABF810BD0D0000202DE9F0411548007823
:1074B00008B1BDE8F081F9F771FE04464FF4FA60B7
:1074C000B4FBF0F100FB1145B5F57A7F01D8AEB2FF
:1074D00002E0C5F5FA6086B23046FFF7CBFD0A2020
:1074E000B4FBF0F100FB1140642100FB01F7B7424F
:1074F00001DA012000E0002001460020FFF782FBB6
:1075000000BFD6E70000002010B50446012C06D0CD
:10751000022C08D0032C0CD0042C1CD112E001202A
:107520000E49087018E00EA000F0C8F900F074F9D8
:1075300012E0012211460C480088401D00B200F004
:10754000EBF809E008490988491F08B201221146F1
:1075500000F0E2F800E000BF00BF10BD0D00002009
:107560006B657932000000001000002010B5F9F7BB
:1075700015FE04461C48007801280DD11B48006800
:10758000201A47F2305188422DD30F20FFF754FBC9
:1075900000201549087026E013480078022822D1FF
:1075A00012480068201A1249096888421BD30F4804
:1075B00004601048007804280ED20E490978491C4E
:1075C000012202FA01F1491EC8B2FFF735FB094852
:1075D0000078401C0749087006480078042802D348
:1075E00000200149087010BD0000002004000020A8
:1075F000080000200C00002070B5B2B00025002665
:1076000072B61B48048804F4004070B1C4F30D0541
:10761000C82D00DDC8252A4616496846F9F7AAF89C
:10762000002013490880012619E004F48040B0B915
:10763000C4F30D00022812D10E48007873280ED131
:107640000C48407874280AD173208DF8000074200B
:107650008DF801000225002005490880012662B648
:107660001EB12946684600F007F832B070BD000030
:10767000240000206C00002070B504460D46022D49
:107680000DD1207873280AD16078742807D104A01E
:1076900000F014F94FF4FC6104A000F0DBF870BDB9
:1076A0007374206973206F6B0000000052583A20F9
:1076B0007374202F2054583A207374206973206FFC
:1076C0006B0000007CB504461248007808B9012020
:1076D0007CBD41208DF800008DF8010025208DF83B
:1076E000020008208DF80300E0B28DF80400200AA3
:1076F0008DF805006846FFF7ABFE05468DF806508D
:10770000E843C0B28DF80700082269460020FFF761
:1077100005FCDDE70E00002070B58EB004460D4676
:10772000164614F57A7F00DC1B4C42F20F7084423F
:1077300000DD04461948048000F040F81749098824
:1077400009B9012100E000210846FEF7F5FF1348C2
:10775000B0F90000FFF716FB55B11048B0F9000072
:10776000FFF7B0FF20B14FF478410DA000F072F8A0
:107770007EB10A48B0F90020182108A8FFF7FCFCE8
:1077800008AB0CA220216846F8F784FE684600F09A
:1077900095F80EB070BD000019FCFFFF100000202E
:1077A0004E564D207772697465206661696C656418
:1077B0000000000061613D257300000000B591B03C
:1077C0001248B0F9002018210BA8FFF7D5FC0BAB2D
:1077D0000FA2202103A8F8F75DFE4FF6FF70972354
:1077E0004FF4967278210090142002F07FFD1F2044
:1077F00003A920221346CDE9002102904FF48C7298
:107800007821142003F088FA11B000BD1000002088
:107810006161203D2025730008B54FF6FF70AF234E
:107820004FF4D7729B210090142002F05FFD4FF6B9
:10783000FF704FF4FC6303A29B2100901420FFF71C
:107840003DF808BDE58F91E98081E68890E58A9F43
:10785000000000003EB504460D464FF6FF70C723FA
:107860004FF4D772B4210090142002F03FFD102095
:1078700003464FF4CD72B4218DE83100142003F09B
:107880004BFA3EBD10B5044604B901240020FFF7B1
:10789000D3F9022005490870002005490870054801
:1078A0000460F9F77BFC0449086010BD000000206B
:1078B0000C000020080000200400002010B5044641
:1078C00004B910BD214602A0F8F7D8FD00BFF8E7C3
:1078D00025730D0A0000000000BF054AD26902F0BE
:1078E0004002002AF9D0C2B2014B9A6270470000F0
:1078F0000010014070B504460026094805884088FC
:1079000045430021084603F0D7F803F07BFA00BF97
:1079100002E004480480761CAE42FAD370BD000039
:107920000C0200200000106010B504465848847115
:10793000002C58D1F020564908804FF4A0704880A0
:107940000846808845F21051884210D14FF43050DB
:107950004F4908814FF4285048814FF42C508881BA
:107960004FF4F07008804FF4487048801AE048489F
:10797000808841F6631188420DD12C20444908814A
:107980002B2048812A2088814FF4F07008804FF422
:107990004870488006E02C203D4908812A20488113
:1079A0002B2088813A48808845F21031884205D0E2
:1079B0003748808847F29671884206D14FF4A0700C
:1079C000334908804FF4F07048803148808849F688
:1079D0000601884258D14FF4F0702D4908804FF4C9
:1079E0004870488050E04FF4A07029490880F0208A
:1079F00048800846808845F21051884210D14FF4E3
:107A00003050234908814FF4285048814FF42C50BE
:107A100088814FF4487008804FF4F070488020E06F
:107A20001B48808841F66311884205D01848808839
:107A300049F6060188420DD12C20154908812A20DB
:107A400048812B2088814FF4487008804FF4F070F3
:107A5000488006E02C200E4908812A2048812B20EE
:107A600088810B48808845F21031884205D008484B
:107A7000808847F29671884206D14FF4F07004492D
:107A800008804FF4A0704880002002F0F7FE10BD7F
:107A90000C02002070B505460E46144631462846B5
:107AA00003F00AF803F0AEF901490C8070BD000044
:107AB0000000106010B5CF2003F098F9002003F00B
:107AC00089F9C12003F086F9302003F083F9ED2015
:107AD00003F08CF9642003F07DF9032003F07AF9B8
:107AE000122003F077F9812003F074F9E82003F005
:107AF0007DF9852003F06EF9102003F06BF97A20F0
:107B000003F068F9CB2003F071F9392003F062F932
:107B10002C2003F05FF9002003F05CF9342003F01F
:107B200059F9022003F056F9F72003F05FF92020FD
:107B300003F050F9EA2003F059F9002003F04AF964
:107B4000002003F047F9C02003F050F91B2003F098
:107B500041F9C12003F04AF9012003F03BF9C520A7
:107B600003F044F9302003F035F9302003F032F906
:107B7000C72003F03BF9B72003F02CF9362003F0BF
:107B800035F9482003F026F93A2003F02FF9552063
:107B900003F020F9B12003F029F9002003F01AF9CD
:107BA0001A2003F017F9B62003F020F90A2003F099
:107BB00011F9A22003F00EF9F22003F017F90020CA
:107BC00003F008F9262003F011F9012003F002F96F
:107BD000E02003F00BF90F2003F0FCF82A2003F05B
:107BE000F9F8282003F0F6F8082003F0F3F80E2047
:107BF00003F0F0F8082003F0EDF8542003F0EAF861
:107C0000A92003F0E7F8432003F0E4F80A2003F08A
:107C1000E1F80F2003F0DEF8002003F0DBF800208D
:107C200003F0D8F8002003F0D5F8002003F0D2F8D4
:107C3000E12003F0DBF8002003F0CCF8152003F07E
:107C4000C9F8172003F0C6F8072003F0C3F8112085
:107C500003F0C0F8062003F0BDF82B2003F0BAF8BB
:107C6000562003F0B7F83C2003F0B4F8052003F0E9
:107C7000B1F8102003F0AEF80F2003F0ABF83F206E
:107C800003F0A8F83F2003F0A5F80F2003F0A2F8B6
:107C90002B2003F0ABF8002003F09CF8002003F049
:107CA00099F8012003F096F83F2003F093F82A207A
:107CB00003F09CF8002003F08DF8002003F08AF810
:107CC000002003F087F8EF2003F084F8112003F080
:107CD0008DF87820FFF722FA292003F087F810BDED
:107CE00010B5FF2003F082F8FF2003F073F898200E
:107CF00003F070F8062003F06DF8BC2003F076F86E
:107D0000012003F067F80F2003F064F8612003F00E
:107D100061F8FF2003F05EF8012003F05BF801201A
:107D200003F058F80B2003F055F8102003F052F838
:107D3000372003F04FF8632003F04CF8FF2003F0E6
:107D400049F8FF2003F046F8012003F043F8012032
:107D500003F040F8002003F03DF8002003F03AF86B
:107D6000FF2003F037F8522003F034F8012003F02D
:107D700031F8002003F02EF8402003F02BF8BD204E
:107D800003F034F8012003F025F8232003F022F853
:107D9000452003F01FF8672003F01CF8012003F0D2
:107DA00019F8232003F016F8452003F013F8672094
:107DB00003F010F8BE2003F019F8002003F00AF8D1
:107DC000012003F007F8AB2003F004F8602003F073
:107DD00001F8222002F0FEFF222002F0FBFF222009
:107DE00002F0F8FF222002F0F5FF222002F0F2FF5D
:107DF000C72002F0FBFF362002F0ECFFED2002F07E
:107E0000F5FF7F2002F0E6FF0F2002F0E3FFC02025
:107E100002F0ECFF0F2002F0DDFF0B2002F0DAFF92
:107E20000A2002F0D7FFFC2002F0E0FF082002F059
:107E3000D1FFDF2002F0DAFF002002F0CBFF0020AC
:107E400002F0C8FF002002F0C5FF002002F0C2FFD0
:107E5000002002F0BFFF202002F0BCFFF32002F060
:107E6000C5FF742002F0B6FFB42002F0BFFF00206F
:107E700002F0B0FF002002F0ADFF002002F0AAFFE8
:107E8000F72002F0B3FF822002F0A4FFB12002F03D
:107E9000ADFF002002F09EFF132002F09BFF132095
:107EA00002F098FFF22002F0A1FF802002F092FF82
:107EB000042002F08FFF402002F08CFF282002F007
:107EC00089FFC12002F092FF172002F083FF882073
:107ED00002F080FF882002F07DFF202002F07AFF70
:107EE000E02002F083FF002002F074FF0A2002F07D
:107EF00071FF122002F06EFF102002F06BFF0E20C7
:107F000002F068FF202002F065FFCC2002F062FF43
:107F1000072002F05FFF062002F05CFF0B2002F05A
:107F200059FF0E2002F056FF0F2002F053FF0D20E4
:107F300002F050FF152002F04DFF102002F04AFF22
:107F4000002002F047FFE12002F050FF002002F085
:107F500041FF0B2002F03EFF132002F03BFF0D20FB
:107F600002F038FF0E2002F035FF1B2002F032FF36
:107F7000712002F02FFF062002F02CFF062002F0F5
:107F800029FF0A2002F026FF0F2002F023FF0E2017
:107F900002F020FF0F2002F01DFF152002F01AFF53
:107FA0000C2002F017FF002002F014FF2A2002F03C
:107FB0001DFF002002F00EFF002002F00BFF012049
:107FC00002F008FFDF2002F005FF2B2002F00EFF79
:107FD000002002F0FFFE002002F0FCFE032002F071
:107FE000F9FE1F2002F0F6FE3A2002F0FFFE5520B7
:107FF00002F0F0FE362002F0F9FE002002F0EAFE68
:10800000112002F0F3FE7820FFF788F8292002F013
:10801000EDFE1420FFF782F82C2002F0E7FE10BDE1
:1080200010B5ED2002F0E2FE012002F0D3FEFE20AA
:1080300002F0D0FEEE2002F0D9FEDE2002F0CAFEF1
:10804000212002F0C7FEF12002F0D0FE012002F054
:10805000C1FEDF2002F0CAFE102002F0BBFEC420E9
:1080600002F0C4FE8F2002F0B5FEC62002F0BEFE74
:10807000002002F0AFFEE22002F0ACFEE22002F0AF
:10808000A9FEE22002F0A6FEBF2002F0AFFEAA2069
:1080900002F0A0FEB02002F0A9FE0D2002F09AFE30
:1080A000002002F097FE0D2002F094FE002002F066
:1080B00091FE112002F08EFE002002F08BFE1920AE
:1080C00002F088FE002002F085FE212002F082FEF0
:1080D000002002F07FFE2D2002F07CFE002002F046
:1080E00079FE3D2002F076FE002002F073FE5D2056
:1080F00002F070FE002002F06DFE5D2002F06AFECC
:10810000002002F067FEB12002F070FE802002F035
:1081100061FE002002F05EFE8B2002F05BFE00207C
:1081200002F058FE962002F055FE002002F052FEAA
:10813000B22002F05BFE002002F04CFE002002F0B4
:1081400049FE022002F046FE002002F043FE03201A
:1081500002F040FE002002F03DFEB32002F046FE99
:10816000002002F037FE002002F034FE002002F072
:1081700031FE002002F02EFE002002F02BFE002037
:1081800002F028FE002002F025FE002002F022FE70
:10819000002002F01FFE002002F01CFE002002F072
:1081A00019FE002002F016FE002002F013FE00204F
:1081B00002F010FE002002F00DFE002002F00AFE88
:1081C000002002F007FE002002F004FE002002F072
:1081D00001FE002002F0FEFD002002F0FBFD002069
:1081E00002F0F8FD002002F0F5FD002002F0F2FDA3
:1081F000B42002F0FBFD8B2002F0ECFD002002F029
:10820000E9FD962002F0E6FD002002F0E3FDA1204A
:1082100002F0E0FD002002F0DDFDB52002F0E6FDF9
:10822000022002F0D7FD002002F0D4FD032002F06E
:10823000D1FD002002F0CEFD042002F0CBFD002095
:1082400002F0C8FDB62002F0D1FD002002F0C2FD10
:10825000002002F0BFFDB72002F0C8FD002002F0B0
:10826000B9FD002002F0B6FD3F2002F0B3FD002072
:1082700002F0B0FD5E2002F0ADFD002002F0AAFD8C
:10828000642002F0A7FD002002F0A4FD8C2002F083
:10829000A1FD002002F09EFDAC2002F09BFD00201D
:1082A00002F098FDDC2002F095FD002002F092FD26
:1082B000702002F08FFD002002F08CFD902002F073
:1082C00089FD002002F086FDEB2002F083FD0020F6
:1082D00002F080FDDC2002F07DFD002002F07AFD3E
:1082E000B82002F083FD002002F074FD002002F0AF
:1082F00071FD002002F06EFD002002F06BFD0020F9
:1083000002F068FD002002F065FD002002F062FD31
:10831000002002F05FFDBA2002F068FD242002F088
:1083200059FD002002F056FD002002F053FD002010
:1083300002F050FDC12002F059FD202002F04AFD5C
:10834000002002F047FD542002F044FD002002F01E
:1083500041FDFF2002F03EFD002002F03BFDC22067
:1083600002F044FD0A2002F035FD002002F032FD4B
:10837000042002F02FFD002002F02CFDC32002F0AB
:1083800035FD3C2002F026FD002002F023FD3A20BE
:1083900002F020FD002002F01DFD392002F01AFD40
:1083A000002002F017FD372002F014FD002002F03B
:1083B00011FD3C2002F00EFD002002F00BFD3620E6
:1083C00002F008FD002002F005FD322002F002FD5F
:1083D000002002F0FFFC2F2002F0FCFC002002F045
:1083E000F9FC2C2002F0F6FC002002F0F3FC29201E
:1083F00002F0F0FC002002F0EDFC262002F0EAFC86
:10840000002002F0E7FC242002F0E4FC002002F04F
:10841000E1FC242002F0DEFC002002F0DBFC232043
:1084200002F0D8FC002002F0D5FC3C2002F0D2FC87
:10843000002002F0CFFC362002F0CCFC002002F03D
:10844000C9FC322002F0C6FC002002F0C3FC2F2041
:1084500002F0C0FC002002F0BDFC2C2002F0BAFCAF
:10846000002002F0B7FC292002F0B4FC002002F04A
:10847000B1FC262002F0AEFC002002F0ABFC242070
:1084800002F0A8FC002002F0A5FC242002F0A2FCCF
:10849000002002F09FFC232002F09CFC002002F050
:1084A00099FCC42002F0A2FC622002F093FC0020A0
:1084B00002F090FC052002F08DFC002002F08AFC06
:1084C000842002F087FC002002F084FCF02002F0FF
:1084D00081FC002002F07EFC182002F07BFC0020D2
:1084E00002F078FCA42002F075FC002002F072FC7F
:1084F000182002F06FFC002002F06CFC502002F00B
:1085000069FC002002F066FC0C2002F063FC0020F5
:1085100002F060FC172002F05DFC002002F05AFC23
:10852000952002F057FC002002F054FCF32002F0EA
:1085300051FC002002F04EFCE62002F04BFC002033
:1085400002F048FCC52002F051FC322002F042FC4F
:10855000002002F03FFC442002F03CFC002002F02E
:1085600039FC652002F036FC002002F033FC762056
:1085700002F030FC002002F02DFC882002F02AFCE2
:10858000002002F027FCC62002F030FC202002F080
:1085900021FC002002F01EFC172002F01BFC002032
:1085A00002F018FC012002F015FC002002F012FC81
:1085B000C72002F01BFC002002F00CFC002002F09F
:1085C00009FC002002F006FC002002F003FCC82099
:1085D00002F00CFC002002F0FDFB002002F0FAFB90
:1085E000002002F0F7FB002002F0F4FBC92002F0AB
:1085F000FDFB002002F0EEFB002002F0EBFB002070
:1086000002F0E8FB002002F0E5FB002002F0E2FBB4
:10861000002002F0DFFB002002F0DCFB002002F073
:10862000D9FB002002F0D6FB002002F0D3FB002093
:1086300002F0D0FB002002F0CDFB002002F0CAFBCC
:10864000002002F0C7FB002002F0C4FB002002F073
:10865000C1FBE02002F0CAFB162002F0BBFB0020A9
:1086600002F0B8FB1C2002F0B5FB002002F0B2FBC8
:10867000212002F0AFFB002002F0ACFB362002F01C
:10868000A9FB002002F0A6FB462002F0A3FB00207D
:1086900002F0A0FB522002F09DFB002002F09AFBAA
:1086A000642002F097FB002002F094FB7A2002F095
:1086B00091FB002002F08EFB8B2002F08BFB002050
:1086C00002F088FB992002F085FB002002F082FB7B
:1086D000A82002F07FFB002002F07CFBB92002F012
:1086E00079FB002002F076FBC42002F073FB00202F
:1086F00002F070FBCA2002F06DFB002002F06AFB62
:10870000D22002F067FB002002F064FBD92002F0C7
:1087100061FB002002F05EFBE02002F05BFB00202A
:1087200002F058FBF32002F055FB002002F052FB50
:10873000E12002F05BFB162002F04CFB002002F06F
:1087400049FB1C2002F046FB002002F043FB2220E4
:1087500002F040FB002002F03DFB362002F03AFB25
:10876000002002F037FB452002F034FB002002F02D
:1087700031FB522002F02EFB002002F02BFB642084
:1087800002F028FB002002F025FB7A2002F022FBF9
:10879000002002F01FFB8B2002F01CFB002002F0E7
:1087A00019FB992002F016FB002002F013FBA82011
:1087B00002F010FB002002F00DFBB92002F00AFBD2
:1087C000002002F007FBC42002F004FB002002F0AE
:1087D00001FBCA2002F0FEFA002002F0FBFAD220D0
:1087E00002F0F8FA002002F0F5FAD82002F0F2FACE
:1087F000002002F0EFFAE02002F0ECFA002002F094
:10880000E9FAF32002F0E6FA002002F0E3FAE220AF
:1088100002F0ECFA052002F0DDFA002002F0DAFAAC
:108820000B2002F0D7FA002002F0D4FA1B2002F04D
:10883000D1FA002002F0CEFA342002F0CBFA002068
:1088400002F0C8FA442002F0C5FA002002F0C2FA91
:108850004F2002F0BFFA002002F0BCFA612002F0C3
:10886000B9FA002002F0B6FA792002F0B3FA00203B
:1088700002F0B0FA882002F0ADFA002002F0AAFA65
:10888000972002F0A7FA002002F0A4FAA62002F036
:10889000A1FA002002F09EFAB72002F09BFA002015
:1088A00002F098FAC22002F095FA002002F092FA43
:1088B000C72002F08FFA002002F08CFAD12002F0DB
:1088C00089FA002002F086FAD62002F083FA00200E
:1088D00002F080FADD2002F07DFA002002F07AFA40
:1088E000F32002F077FA002002F074FAE32002F09D
:1088F0007DFA052002F06EFA002002F06BFA0A20E1
:1089000002F068FA002002F065FA1C2002F062FA18
:10891000002002F05FFA332002F05CFA002002F03F
:1089200059FA442002F056FA002002F053FA50207F
:1089300002F050FA002002F04DFA622002F04AFAEA
:10894000002002F047FA782002F044FA002002F0FA
:1089500041FA882002F03EFA002002F03BFA97200C
:1089600002F038FA002002F035FAA62002F032FABE
:10897000002002F02FFAB72002F02CFA002002F0BB
:1089800029FAC22002F026FA002002F023FAC720BA
:1089900002F020FA002002F01DFAD12002F01AFAAB
:1089A000002002F017FAD52002F014FA002002F09D
:1089B00011FADD2002F00EFA002002F00BFAF3208B
:1089C00002F008FA002002F005FAE42002F00EFAA4
:1089D000012002F0FFF9002002F0FCF9012002F072
:1089E000F9F9002002F0F6F9022002F0F3F9002074
:1089F00002F0F0F92A2002F0EDF9002002F0EAF985
:108A00003C2002F0E7F9002002F0E4F94B2002F0EC
:108A1000E1F9002002F0DEF95D2002F0DBF9002030
:108A200002F0D8F9742002F0D5F9002002F0D2F952
:108A3000842002F0CFF9002002F0CCF9932002F05C
:108A4000C9F9002002F0C6F9A22002F0C3F9002003
:108A500002F0C0F9B32002F0BDF9002002F0BAF92B
:108A6000BE2002F0B7F9002002F0B4F9C42002F0F1
:108A7000B1F9002002F0AEF9CD2002F0ABF90020F0
:108A800002F0A8F9D32002F0A5F9002002F0A2F923
:108A9000DD2002F09FF9002002F09CF9F32002F0A3
:108AA00099F9002002F096F9E52002F09FF90020E4
:108AB00002F090F9002002F08DF9002002F08AF90E
:108AC000002002F087F9022002F084F9002002F071
:108AD00081F9292002F07EF9002002F07BF93C2088
:108AE00002F078F9002002F075F94B2002F072F9DB
:108AF000002002F06FF95D2002F06CF9002002F016
:108B000069F9742002F066F9002002F063F984200C
:108B100002F060F9002002F05DF9932002F05AF9AA
:108B2000002002F057F9A22002F054F9002002F0D0
:108B300051F9B32002F04EF9002002F04BF9BE20AB
:108B400002F048F9002002F045F9C42002F042F991
:108B5000002002F03FF9CD2002F03CF9002002F0A5
:108B600039F9D32002F036F9002002F033F9DC2085
:108B700002F030F9002002F02DF9F32002F02AF97A
:108B8000002002F027F9E62002F030F9112002F06F
:108B900021F9002002F01EF9342002F01BF9002018
:108BA00002F018F9562002F015F9002002F012F92F
:108BB000762002F00FF9002002F00CF9772002F085
:108BC00009F9002002F006F9662002F003F90020FE
:108BD00002F000F9882002F0FDF8002002F0FAF817
:108BE000992002F0F7F8002002F0F4F8BB2002F020
:108BF000F1F8002002F0EEF8992002F0EBF80020E6
:108C000002F0E8F8662002F0E5F8002002F0E2F851
:108C1000552002F0DFF8002002F0DCF8552002F0C9
:108C2000D9F8002002F0D6F8452002F0D3F8002051
:108C300002F0D0F8432002F0CDF8002002F0CAF88C
:108C4000442002F0C7F8002002F0C4F8E72002F048
:108C5000CDF8322002F0BEF8002002F0BBF855201B
:108C600002F0B8F8002002F0B5F8762002F0B2F871
:108C7000002002F0AFF8662002F0ACF8002002F00D
:108C8000A9F8672002F0A6F8002002F0A3F86720F8
:108C900002F0A0F8002002F09DF8872002F09AF878
:108CA000002002F097F8992002F094F8002002F0DA
:108CB00091F8BB2002F08EF8002002F08BF899208A
:108CC00002F088F8002002F085F8772002F082F8A0
:108CD000002002F07FF8442002F07CF8002002F02F
:108CE00079F8562002F076F8002002F073F823207D
:108CF00002F070F8002002F06DF8332002F06AF8FC
:108D0000002002F067F8452002F064F8002002F02D
:108D100061F8E82002F06AF8002002F05BF8002019
:108D200002F058F8992002F055F8002002F052F8AD
:108D3000872002F04FF8002002F04CF8882002F063
:108D400049F8002002F046F8772002F043F80020AE
:108D500002F040F8662002F03DF8002002F03AF8F8
:108D6000882002F037F8002002F034F8AA2002F040
:108D700031F8002002F02EF8BB2002F02BF8002082
:108D800002F028F8992002F025F8002002F022F8DD
:108D9000662002F01FF8002002F01CF8552002F0B7
:108DA00019F8002002F016F8552002F013F8002000
:108DB00002F010F8442002F00DF8002002F00AF84A
:108DC000442002F007F8002002F004F8552002F0D9
:108DD00001F8002001F0FEFFE92002F007F8AA20C8
:108DE00001F0F8FF002001F0F5FF002001F0F2FF94
:108DF000002001F0EFFF002001F0F8FFAA2001F0B1
:108E0000E9FFCF2001F0F2FF002001F0E3FF002096
:108E100001F0E0FF002001F0DDFF002001F0DAFFAB
:108E2000002001F0D7FF002001F0D4FF002001F066
:108E3000D1FF002001F0CEFF002001F0CBFF002089
:108E400001F0C8FF002001F0C5FF002001F0C2FFC3
:108E5000002001F0BFFF002001F0BCFF002001F066
:108E6000B9FF002001F0B6FF002001F0B3FFF020B1
:108E700001F0BCFF002001F0ADFF502001F0AAFF7F
:108E8000002001F0A7FF002001F0A4FF002001F066
:108E9000A1FFF32001F0AAFF002001F09BFFF920C1
:108EA00001F0A4FF062001F095FF102001F092FFD1
:108EB000292001F08FFF002001F08CFF3A2001F003
:108EC00095FF552001F086FF112001F08FFF6420EF
:108ED000FEF724F9292001F089FF352001F086FFF3
:108EE000002001F077FF512001F080FFFF2001F00A
:108EF00071FF532001F07AFF2C2001F06BFF552009
:108F000001F074FF822001F065FF2C2001F06EFF5C
:108F100010BD10B555214FF4704001F07DFFAA211E
:108F20004FF2010001F078FF52214FF2020001F0F0
:108F300073FF08214FF2030001F06EFF01214FF291
:108F4000040001F069FF0D214FF4304001F064FF8F
:108F50000D214BF2010001F05FFF0D214BF20200E9
:108F600001F05AFF34214FF4364001F055FF34210F
:108F70004BF2016001F050FF34214BF2026001F02E
:108F80004BFF0D214FF4314001F046FF0D214BF214
:108F9000011001F041FF0D214BF2021001F03CFFE6
:108FA00034214FF4374001F037FF34214BF2017088
:108FB00001F032FF34214BF2027001F02DFF00214D
:108FC0004FF4324001F028FF00214BF2012001F064
:108FD00023FF00214BF2022001F01EFF24214FF459
:108FE000384001F019FF24214BF6010001F014FF75
:108FF00024214BF6020001F00FFF01214FF43F4006
:1090000001F00AFF0F214FF4334001F005FF0F215B
:109010004BF2013001F000FF0F214BF2023001F062
:10902000FBFE34214FF4394001F0F6FE34214BF6BB
:10903000011001F0F1FE34214BF6021001F0ECFEBC
:1090400008214FF4354001F0E7FE08214BF20150B2
:1090500001F0E2FE08214BF2025001F0DDFE032197
:109060004FF4424001F0D8FE24214FF43A4001F081
:10907000D3FE24214BF6012001F0CEFE24214BF635
:10908000022001F0C9FE00214FF43C4001F0C4FE73
:1090900078214BF6014001F0BFFE00214BF6024063
:1090A00001F0BAFE00214FF43D4001F0B5FE7821F9
:1090B0004BF6015001F0B0FE00214BF6025001F0DA
:1090C000ABFE00214FF43E4001F0A6FE64214BF6BA
:1090D000016001F0A1FE00214FF4514001F09CFE1F
:1090E00033214DF2011001F097FE00214DF20210E4
:1090F00001F092FE34214DF2031001F08DFE0021AB
:109100004DF2041001F088FE3A214DF2051001F0F5
:1091100083FE00214DF2061001F07EFE4A214DF241
:10912000071001F079FE00214DF2081001F074FEE5
:109130005C214DF2091001F06FFE00214DF20A1082
:1091400001F06AFE81214DF20B1001F065FE002155
:109150004DF20C1001F060FEA6214DF20D1001F051
:109160005BFE00214DF20E1001F056FEE5214DF29E
:109170000F1001F051FE01214DF2101001F04CFED4
:1091800013214DF2111001F047FE01214DF2121092
:1091900001F042FE54214DF2131001F03DFE012179
:1091A0004DF2141001F038FE82214DF2151001F03D
:1091B00033FE01214DF2161001F02EFECA214DF2B0
:1091C000171001F029FE02214DF2181001F024FEC3
:1091D00000214DF2191001F01FFE02214DF21A106C
:1091E00001F01AFE01214DF21B1001F015FE0221C3
:1091F0004DF21C1001F010FE34214DF21D1001F053
:109200000BFE02214DF21E1001F006FE67214DF209
:109210001F1001F001FE02214DF2201001F0FCFDB3
:1092200084214DF2211001F0F7FD02214DF22210B0
:1092300001F0F2FDA4214DF2231001F0EDFD022119
:109240004DF2241001F0E8FDB7214DF2251001F098
:10925000E3FD02214DF2261001F0DEFDCF214DF29B
:10926000271001F0D9FD02214DF2281001F0D4FDA4
:10927000DE214DF2291001F0CFFD02214DF22A101E
:1092800001F0CAFDF2214DF22B1001F0C5FD0221C3
:109290004DF22C1001F0C0FDFE214DF22D1001F019
:1092A000BBFD03214DF22E1001F0B6FD10214DF251
:1092B0002F1001F0B1FD03214DF2301001F0ACFD93
:1092C00033214DF2311001F0A7FD03214DF2321090
:1092D00001F0A2FD6D214DF2331001F09DFD002142
:1092E0004FF4524001F098FD33214DF2012001F07E
:1092F00093FD00214DF2022001F08EFD34214DF24C
:10930000032001F089FD00214DF2042001F084FDCD
:109310003A214DF2052001F07FFD00214DF206209B
:1093200001F07AFD4A214DF2072001F075FD002180
:109330004DF2082001F070FD5C214DF2092001F092
:109340006BFD00214DF20A2001F066FD81214DF2F6
:109350000B2001F061FD00214DF20C2001F05CFDBD
:10936000A6214DF20D2001F057FD00214DF20E20F7
:1093700001F052FDE5214DF20F2001F04DFD0121DC
:109380004DF2102001F048FD13214DF2112001F0A3
:1093900043FD01214DF2122001F03EFD54214DF21A
:1093A000132001F039FD01214DF2142001F034FDAC
:1093B00082214DF2152001F02FFD01214DF21620E2
:1093C00001F02AFDCA214DF2172001F025FD0221EE
:1093D0004DF2182001F020FD00214DF2192001F07E
:1093E0001BFD02214DF21A2001F016FD01214DF264
:1093F0001B2001F011FD02214DF21C2001F00CFD9B
:1094000034214DF21D2001F007FD02214DF21E20F6
:1094100001F002FD67214DF21F2001F0FDFC022149
:109420004DF2202001F0F8FC84214DF2212001F0C2
:10943000F3FC02214DF2222001F0EEFCA4214DF2BA
:10944000232001F0E9FC02214DF2242001F0E4FC8C
:10945000B7214DF2252001F0DFFC02214DF226203C
:1094600001F0DAFCCF214DF2272001F0D5FC0221DA
:109470004DF2282001F0D0FCDE214DF2292001F030
:10948000CBFC02214DF22A2001F0C6FCF2214DF264
:109490002B2001F0C1FC02214DF22C2001F0BCFC7C
:1094A000FE214DF22D2001F0B7FC03214DF22E20BC
:1094B00001F0B2FC10214DF22F2001F0ADFC032190
:1094C0004DF2302001F0A8FC33214DF2312001F0A3
:1094D000A3FC03214DF2322001F09EFC6D214DF2E0
:1094E000332001F099FC00214FF4534001F094FC2B
:1094F00033214DF2013001F08FFC00214DF202309A
:1095000001F08AFC34214DF2033001F085FC00218A
:109510004DF2043001F080FC3A214DF2053001F0AB
:109520007BFC00214DF2063001F076FC4A214DF221
:10953000073001F071FC00214DF2083001F06CFCA5
:109540005C214DF2093001F067FC00214DF20A3038
:1095500001F062FC81214DF20B3001F05DFC002135
:109560004DF20C3001F058FCA6214DF20D3001F007
:1095700053FC00214DF20E3001F04EFCE5214DF27E
:109580000F3001F049FC01214DF2103001F044FC94
:1095900013214DF2113001F03FFC01214DF2123048
:1095A00001F03AFC54214DF2133001F035FC012159
:1095B0004DF2143001F030FC82214DF2153001F0F3
:1095C0002BFC01214DF2163001F026FCCA214DF290
:1095D000173001F021FC02214DF2183001F01CFC83
:1095E00000214DF2193001F017FC02214DF21A3022
:1095F00001F012FC01214DF21B3001F00DFC0221A3
:109600004DF21C3001F008FC34214DF21D3001F008
:1096100003FC02214DF21E3001F0FEFB67214DF2EA
:109620001F3001F0F9FB02214DF2203001F0F4FB74
:1096300084214DF2213001F0EFFB02214DF2223066
:1096400001F0EAFBA4214DF2233001F0E5FB0221F9
:109650004DF2243001F0E0FBB7214DF2253001F04E
:10966000DBFB02214DF2263001F0D6FBCF214DF27B
:10967000273001F0D1FB02214DF2283001F0CCFB64
:10968000DE214DF2293001F0C7FB02214DF22A30D4
:1096900001F0C2FBF2214DF22B3001F0BDFB0221A3
:1096A0004DF22C3001F0B8FBFE214DF22D3001F0CF
:1096B000B3FB03214DF22E3001F0AEFB10214DF231
:1096C0002F3001F0A9FB03214DF2303001F0A4FB53
:1096D00033214DF2313001F09FFB03214DF2323046
:1096E00001F09AFB6D214DF2333001F095FB002122
:1096F0004FF4544001F090FB33214DF2014001F052
:109700008BFB00214DF2024001F086FB34214DF22B
:10971000034001F081FB00214DF2044001F07CFB8D
:109720003A214DF2054001F077FB00214DF2064051
:1097300001F072FB4A214DF2074001F06DFB002160
:109740004DF2084001F068FB5C214DF2094001F048
:1097500063FB00214DF20A4001F05EFB81214DF2D6
:109760000B4001F059FB00214DF20C4001F054FB7D
:10977000A6214DF20D4001F04FFB00214DF20E40AD
:1097800001F04AFBE5214DF20F4001F045FB0121BC
:109790004DF2104001F040FB13214DF2114001F059
:1097A0003BFB01214DF2124001F036FB54214DF2FA
:1097B000134001F031FB01214DF2144001F02CFB6C
:1097C00082214DF2154001F027FB01214DF2164098
:1097D00001F022FBCA214DF2174001F01DFB0221CE
:1097E0004DF2184001F018FB00214DF2194001F034
:1097F00013FB02214DF21A4001F00EFB01214DF244
:109800001B4001F009FB02214DF21C4001F004FB5A
:1098100034214DF21D4001F0FFFA02214DF21E40AD
:1098200001F0FAFA67214DF21F4001F0F5FA02212A
:109830004DF2204001F0F0FA84214DF2214001F078
:10984000EBFA02214DF2224001F0E6FAA4214DF29A
:10985000234001F0E1FA02214DF2244001F0DCFA4C
:10986000B7214DF2254001F0D7FA02214DF22640F2
:1098700001F0D2FACF214DF2274001F0CDFA0221BA
:109880004DF2284001F0C8FADE214DF2294001F0E6
:10989000C3FA02214DF22A4001F0BEFAF2214DF244
:1098A0002B4001F0B9FA02214DF22C4001F0B4FA3C
:1098B000FE214DF22D4001F0AFFA03214DF22E4072
:1098C00001F0AAFA10214DF22F4001F0A5FA032170
:1098D0004DF2304001F0A0FA33214DF2314001F059
:1098E0009BFA03214DF2324001F096FA6D214DF2C0
:1098F000334001F091FA00214FF4554001F08CFA09
:1099000033214DF2015001F087FA00214DF202504F
:1099100001F082FA34214DF2035001F07DFA00216A
:109920004DF2045001F078FA3A214DF2055001F061
:1099300073FA00214DF2065001F06EFA4A214DF201
:10994000075001F069FA00214DF2085001F064FA65
:109950005C214DF2095001F05FFA00214DF20A50EE
:1099600001F05AFA81214DF20B5001F055FA002115
:109970004DF20C5001F050FAA6214DF20D5001F0BD
:109980004BFA00214DF20E5001F046FAE5214DF25E
:109990000F5001F041FA01214DF2105001F03CFA54
:1099A00013214DF2115001F037FA01214DF21250FE
:1099B00001F032FA54214DF2135001F02DFA012139
:1099C0004DF2145001F028FA82214DF2155001F0A9
:1099D00023FA01214DF2165001F01EFACA214DF270
:1099E000175001F019FA02214DF2185001F014FA43
:1099F00000214DF2195001F00FFA02214DF21A50D8
:109A000001F00AFA01214DF21B5001F005FA022182
:109A10004DF21C5001F000FA34214DF21D5001F0BE
:109A2000FBF902214DF21E5001F0F6F967214DF2CB
:109A30001F5001F0F1F902214DF2205001F0ECF934
:109A400084214DF2215001F0E7F902214DF222501C
:109A500001F0E2F9A4214DF2235001F0DDF90221D9
:109A60004DF2245001F0D8F9B7214DF2255001F004
:109A7000D3F902214DF2265001F0CEF9CF214DF25B
:109A8000275001F0C9F902214DF2285001F0C4F924
:109A9000DE214DF2295001F0BFF902214DF22A508A
:109AA00001F0BAF9F2214DF22B5001F0B5F9022183
:109AB0004DF22C5001F0B0F9FE214DF22D5001F085
:109AC000ABF903214DF22E5001F0A6F910214DF211
:109AD0002F5001F0A1F903214DF2305001F09CF913
:109AE00033214DF2315001F097F903214DF23250FC
:109AF00001F092F96D214DF2335001F08DF9002102
:109B00004FF4564001F088F933214DF2016001F025
:109B100083F900214DF2026001F07EF934214DF20B
:109B2000036001F079F900214DF2046001F074F94D
:109B30003A214DF2056001F06FF900214DF2066007
:109B400001F06AF94A214DF2076001F065F9002140
:109B50004DF2086001F060F95C214DF2096001F0FE
:109B60005BF900214DF20A6001F056F981214DF2B6
:109B70000B6001F051F900214DF20C6001F04CF93D
:109B8000A6214DF20D6001F047F900214DF20E6063
:109B900001F042F9E5214DF20F6001F03DF901219C
:109BA0004DF2106001F038F913214DF2116001F00F
:109BB00033F901214DF2126001F02EF954214DF2DA
:109BC000136001F029F901214DF2146001F024F92C
:109BD00082214DF2156001F01FF901214DF216604E
:109BE00001F01AF9CA214DF2176001F015F90221AE
:109BF0004DF2186001F010F900214DF2196001F0EA
:109C00000BF902214DF21A6001F006F901214DF223
:109C10001B6001F001F902214DF21C6001F0FCF81B
:109C200034214DF21D6001F0F7F802214DF21E6063
:109C300001F0F2F867214DF21F6001F0EDF802210A
:109C40004DF2206001F0E8F884214DF2216001F02E
:109C5000E3F802214DF2226001F0DEF8A4214DF27A
:109C6000236001F0D9F802214DF2246001F0D4F80C
:109C7000B7214DF2256001F0CFF802214DF22660A8
:109C800001F0CAF8CF214DF2276001F0C5F802219A
:109C90004DF2286001F0C0F8DE214DF2296001F09C
:109CA000BBF802214DF22A6001F0B6F8F2214DF224
:109CB0002B6001F0B1F802214DF22C6001F0ACF8FC
:109CC000FE214DF22D6001F0A7F803214DF22E6028
:109CD00001F0A2F810214DF22F6001F09DF8032150
:109CE0004DF2306001F098F833214DF2316001F00F
:109CF00093F803214DF2326001F08EF86D214DF2A0
:109D0000336001F089F855214FF4704001F084F878
:109D1000AA214FF2010001F07FF852214FF2020018
:109D200001F07AF808214FF2030001F075F80021E4
:109D30004FF2040001F070F8CC214FF4314001F0F3
:109D40006BF800214BF2011001F066F805214FF489
:109D5000364001F061F870214FF4374001F05CF8B3
:109D600070214BF2017001F057F801214FF4384097
:109D700001F052F803214BF6010001F04DF80321E8
:109D80004BF6020001F048F803214BF6030001F006
:109D900043F802214FF43C4001F03EF800214BF61D
:109DA000014001F039F800214BF6024001F034F88F
:109DB000D0214FF4494001F02FF802214CF6011058
:109DC00001F02AF850214CF6021001F025F850213C
:109DD0004CF6031001F020F850214CF6041001F06D
:109DE0001BF800214FF4545001F016F855214FF4A0
:109DF000685001F011F84FF4885000F0F7FF782018
:109E0000FDF796F94FF4245000F0F0FF10BD10B5A7
:109E1000E22000F0EBFF1D2000F0DCFF022000F04C
:109E2000D9FF042000F0D6FF6420FDF781F9E0207F
:109E300000F0DCFF012000F0CDFF0A20FDF76EF9F5
:109E4000E02000F0D3FF032000F0C4FF0C20FDF75A
:109E500065F9012000F0CAFF0A20FDF75FF9E6204E
:109E600000F0C4FF2F2000F0B5FFFF2000F0B2FF8C
:109E7000FF2000F0AFFFB02000F0B8FF202000F07E
:109E8000A9FF002000F0A6FF032000F0A3FF40F28E
:109E90001F3000F09FFF012000F09CFF40F2DF1018
:109EA00000F098FF002000F095FFB42000F09EFF26
:109EB000042000F08FFF40F21F4000F08BFF0020D5
:109EC00000F088FF2E2000F085FF002000F082FFC8
:109ED000002000F07FFF002000F07CFF002000F059
:109EE00079FFB62000F082FF022000F073FF4FF4EC
:109EF000037000F06FFF002000F06CFF172000F0EF
:109F000069FF152000F066FF002000F063FF0020CD
:109F100000F060FFF02000F069FF032000F05AFF1E
:109F2000292000F063FFD02000F060FF002000F047
:109F300051FFBE2000F05AFF052000F04BFFFE202D
:109F400000F048FF012000F045FF002000F042FF34
:109F5000002000F03FFF002000F03CFFB82000F0A0
:109F600045FF032000F036FF012000F033FFBA2048
:109F700000F03CFF012000F02DFF10BD10B51120B6
:109F800000F034FF7820FDF7C9F8362000F02EFFEE
:109F9000002000F01FFF3A2000F028FF052000F00D
:109FA00019FFB22000F022FF0C2000F013FF0C205C
:109FB00000F010FF002000F00DFF332000F00AFF3A
:109FC000332000F007FFB72000F010FF352000F02D
:109FD00001FFBB2000F00AFF322000F0FBFEC02092
:109FE00000F004FF0C2000F0F5FEC22000F0FEFEA1
:109FF000012000F0EFFEC32000F0F8FE102000F07A
:10A00000E9FEC42000F0F2FE202000F0E3FEC620AE
:10A0100000F0ECFE0F2000F0DDFED02000F0E6FEA8
:10A02000A42000F0D7FEA12000F0D4FEE02000F034
:10A03000DDFED02000F0CEFE002000F0CBFE02209E
:10A0400000F0C8FE072000F0C5FE0A2000F0C2FEA6
:10A05000282000F0BFFE322000F0BCFE442000F0BB
:10A06000B9FE422000F0B6FE062000F0B3FE0E203E
:10A0700000F0B0FE122000F0ADFE142000F0AAFEA9
:10A08000172000F0A7FEE12000F0B0FED02000F085
:10A09000A1FE002000F09EFE022000F09BFE0720A3
:10A0A00000F098FE0A2000F095FE282000F092FEB5
:10A0B000312000F08FFE542000F08CFE472000F08D
:10A0C00089FE0E2000F086FE1C2000F083FE172083
:10A0D00000F080FE1B2000F07DFE1E2000F07AFEC6
:10A0E0002A2000F083FE002000F074FE002000F023
:10A0F00071FE002000F06EFEEF2000F06BFE2B20C2
:10A1000000F074FE002000F065FE002000F062FE0A
:10A11000012000F05FFE3F2000F05CFE292000F0EF
:10A1200065FE10BD10B5112000F060FE7820FCF730
:10A13000F5FF362000F05AFE482000F04BFE3A2092
:10A1400000F054FE552000F045FEF02000F04EFED9
:10A15000C32000F03FFEF02000F048FE962000F003
:10A1600039FEB42000F042FE012000F033FEB6209C
:10A1700000F03CFE0A2000F02DFEA22000F02AFE96
:10A18000B72000F033FEC62000F024FEB92000F016
:10A190002DFE022000F01EFEE02000F01BFEC0207D
:10A1A00000F024FE802000F015FE162000F012FEC4
:10A1B000C12000F01BFE192000F00CFEC22000F0B0
:10A1C00015FEA72000F006FEC52000F00FFE1620A9
:10A1D00000F000FEE82000F009FE402000F0FAFD4B
:10A1E0008A2000F0F7FD002000F0F4FD002000F0D0
:10A1F000F1FD292000F0EEFD192000F0EBFDA52077
:10A2000000F0E8FD332000F0E5FDE02000F0EEFD79
:10A21000F02000F0DFFD072000F0DCFD0D2000F055
:10A22000D9FD042000F0D6FD052000F0D3FD142058
:10A2300000F0D0FD362000F0CDFD542000F0CAFD26
:10A240004C2000F0C7FD382000F0C4FD132000F0C2
:10A25000C1FD142000F0BEFD2E2000F0BBFD342017
:10A2600000F0B8FDE12000F0C1FDF02000F0B2FDEB
:10A27000102000F0AFFD142000F0ACFD0E2000F027
:10A28000A9FD0C2000F0A6FD082000F0A3FD35205C
:10A2900000F0A0FD442000F09DFD4C2000F09AFD50
:10A2A000262000F097FD102000F094FD122000F011
:10A2B00091FD2C2000F08EFD322000F08BFDF0206F
:10A2C00000F094FD3C2000F085FDF02000F08EFDB4
:10A2D000692000F07FFD7820FCF720FF212000F0AE
:10A2E00085FD292000F082FD10BD00002DE9F04F12
:10A2F00005460E4617469846DDF824A04FF0000BA1
:10A30000781B401C1FFA80FB344613E02146284688
:10A3100000F0D2FB00F076FD4FF0000906E007499F
:10A32000A1F800A009F101001FFA80F9D945F6DB78
:10A33000601C84B24445E9DDBDE8F08F0000106088
:10A3400000B595B000BF00BFF948006840F00800B4
:10A35000F74908600846006800F00800019000BF57
:10A3600000BF00BF00BF00BF0846006840F0080003
:10A3700008600846006800F00800019000BF00BFB8
:10A3800000BF00BF00BF0846006840F0080008603A
:10A390000846006800F00800019000BF00BF00BF41
:10A3A00000BF00BF0846006840F010000860084683
:10A3B000006800F01000019000BF00BF00BF00BFA8
:10A3C00000BF0846006840F00200086008460068C8
:10A3D00000F00200019000BF00BF00BF802010907D
:10A3E0000220119001201290032013900C20149051
:10A3F00010A9D048F6F7BAFD2020109010A9CD483A
:10A40000F6F7B4FD1020109010A9CA48F6F7AEFD7B
:10A410000820109010A9C848F6F7A8FD2020109039
:10A420000120119010A9C548F6F7A0FDC448C54900
:10A430000860C5484860002088600021C148C160AC
:10A4400001611021416100218161C16101624FF40C
:10A4500080514162002181624FF48041C16200213C
:10A46000016341634FF4801181630F200990002044
:10A470000A904E200B9000200F900F200290002099
:10A4800003900F2004900020089002AA09A9AD486B
:10A49000F9F756F83220FCF741FED32000F0A6FC75
:10A4A00000F0E0F9A949888000F0DCF9A74988802C
:10A4B00000F0D8F9A5498880084680884FF6FF71DA
:10A4C00001EA0020A149888000F0CCF99F498988E1
:10A4D00008439E4988800846808849F24131884275
:10A4E0007ED0042000F082FC00F0BCF997498880FF
:10A4F00000F0B8F99549888000F0B4F99349888054
:10A50000084680884FF6FF7101EA00208F49888055
:10A5100000F0A8F98D49898808438C49888008464D
:10A52000808848F25251884203D147F289708749A6
:10A5300088808648808847F289718842D0D0D420AC
:10A5400000F054FC00F08EF98049888000F08AF910
:10A550007E49888000F086F97C498880084680889A
:10A560004FF6FF7101EA00207849888000F07AF9FF
:10A57000764989880843754988800846808845F26D
:10A5800010318842ACD0D32000F030FC00F06AF9E2
:10A590006E49888000F066F96C49888000F062F9A5
:10A5A0006A498880084680884FF6FF7101EA0020DA
:10A5B0006649888000F056F96449898808436349F0
:10A5C00088800846808847F29671884288D0552155
:10A5D0004FF4704000F020FCAA214FF2010000E08F
:10A5E0007CE000F019FC52214FF2020000F014FC54
:10A5F00008214FF2030000F00FFC01214FF204008C
:10A6000000F00AFC4FF4454000F0F0FB00F02AF99E
:10A610004E498880084680884FF6FF7101EA002085
:10A620004A4988804CF2015000F0E0FB00F01AF932
:10A63000464989880843454988800520FCF76EFD16
:10A640004248808845F21051884247D0D32000F01C
:10A65000CDFB00F007F93D49888000F003F93B4944
:10A66000888000F0FFF839498880084680884FF6D6
:10A67000FF7101EA00203549888000F0F3F8334982
:10A6800089880843314988800846808849F6060150
:10A69000884223D0A12000F0A9FB00F0E3F82B4969
:10A6A000888000F0DFF829498880084680884FF6C6
:10A6B000FF7101EA00202549888000F0D3F8234982
:10A6C00089880843214988800846808845F261715D
:10A6D000884203D141F663101C4988801B48818859
:10A6E0001BA0F5F7CBFE1948808847F28971884294
:10A6F00002D1FFF743FC4EE01448808849F2413113
:10A70000884202D1FDF7D6F945E01048808845F22D
:10A710001031884202D1FDF783FC3CE00B48808871
:10A7200047F29671884219D1FFF7FCFC33E0000034
:10A73000E0440258000C025800100258000402586D
:10A7400000400052C0010020044100520C020020D1
:10A750004C43442049443A25780D0A003B48808800
:10A7600045F21051884202D1FEF7D3FB13E037487F
:10A77000808849F60601884202D1FDF7B1FA0AE065
:10A780003248808841F66311884204D1FFF73FFBCD
:10A79000642000F0F7FA2D48808847F289718842DA
:10A7A0000AD10520029004902949CB6A8A6848683A
:10A7B00002A9F6F763F938E02448808849F241316C
:10A7C00088420BD02148808845F21031884205D05C
:10A7D0001E48808847F2967188420AD10320029071
:10A7E00004901B49CB6A8A68486802A9F6F746F9C3
:10A7F0001BE01648808841F6631188420BD013484D
:10A80000808849F60601884205D01048808845F2C4
:10A810001051884209D10220029004900C49CB6A61
:10A820008A68486802A9F6F729F90020FDF77CF844
:10A8300000BF012220210748F6F7A4FC00BF4FF615
:10A84000FF70FDF757F815B000BD00000C020020A6
:10A85000C00100200004025800BF011EA0F1010049
:10A86000FBD1704708B50220FFF7F6FF02480088C9
:10A870000090BDF8000008BD00001060F0B505466E
:10A88000002400278B488079012805D189488088D9
:10A8900041F66311884208D186488079F0B985482D
:10A8A000808841F66311884218D1082D15D2DFE85F
:10A8B00005F00406080A0C0E101206250DE0072507
:10A8C0000BE0042509E0052507E0012505E000254A
:10A8D00003E0032501E0022500BF00BF082D1CD2C4
:10A8E000DFE805F00406090C0F12151800BF14E08C
:10A8F00044F0800411E044F040040EE044F0C00451
:10A900000BE044F0200408E044F0600405E044F06B
:10A91000A00402E044F0E00400BF00BF3627654811
:10A92000808845F21051884200D13F0261488088FA
:10A9300049F2413188420BD05E48808847F28971E4
:10A94000884205D05B48808847F29671884201D1E1
:10A9500044F008042146384600F05EFA55488088E5
:10A9600041F6631188421DD004F0200068B15148BF
:10A97000008850494988884214DA4E480688408841
:10A980004C490880084646800CE04A4800884949FE
:10A990004988884206DD474806884088454908803E
:10A9A000084646804348808845F21051884252D17B
:10A9B0004049488900F01AFA002000F00BFA3D499E
:10A9C0004989491C88B200F011FA002000F002FA0F
:10A9D00038494989891C88B200F008FA3549098844
:10A9E000491EC1F30F2000F0F5F932494989C91C0D
:10A9F00088B200F0FBF92F490978491EC8B200F06F
:10AA0000E9F92C49888900F0F1F9002000F0E2F919
:10AA100028498989491C88B200F0E8F9002000F033
:10AA2000D9F924498989891C88B200F0DFF92149C4
:10AA30004988491EC1F30F2000F0CCF91D498989CE
:10AA4000C91C88B200F0D2F91A498978491EC8B2E7
:10AA500000F0C0F92DE01749488900F0C7F900203F
:10AA600000F0B8F9002000F0B5F912490988491E34
:10AA7000C1F30F2000F0AEF90E490978491EC8B2A3
:10AA800000F0A8F90B49888900F0B0F9002000F027
:10AA9000A1F9002000F09EF906494988491EC1F33A
:10AAA0000F2000F097F903498978491EC8B200F0D9
:10AAB00091F9F0BD0C02002010B502460C46454845
:10AAC000808841F66311884247D142488079A8B90D
:10AAD00040480088401E801A82B23E49488900F0F2
:10AAE00085F9002000F076F9002000F073F91012CB
:10AAF00000F070F9D0B200F06DF916E035494889E0
:10AB000000F074F9101200F065F9D0B200F062F9AB
:10AB100030490988491EC1F30F2000F05BF92D4927
:10AB20000978491EC8B200F055F92A49888900F011
:10AB30005DF9201200F04EF9E0B200F04BF9254922
:10AB40004988491EC1F30F2000F044F92149897852
:10AB5000491EC8B200F03EF93AE01E48808845F22E
:10AB60001051884220D11B49488900F03FF910124A
:10AB700000F030F917494989491C88B200F036F9CC
:10AB8000D0B200F027F91349888900F02FF920127C
:10AB900000F020F90F498989491C88B200F026F994
:10ABA000E0B200F017F913E00A49488900F01EF9F5
:10ABB000101200F00FF9D0B200F00CF905498889A5
:10ABC00000F014F9201200F005F9E0B200F002F9EB
:10ABD00010BD00000C0200202DE9FC4F80460E46FF
:10ABE00015461C46B3460020019000902046E3170E
:10ABF00004EB5373DB1021464FEAE47C04EB5C7CEE
:10AC00004FEAEC0CA4EBCC0CBCF1000F02D04FF0DF
:10AC1000010C01E04FF0000C6344224604EBD27CAF
:10AC20004FEA6C0C03FB0CF3DBB20193A5F120009F
:10AC3000C5B20C2C06D0102C0BD0182C0ED0202C0A
:10AC400018D112E005EB45002D4901EB8000009082
:10AC500012E02C4800EB051000900DE005EBC5005C
:10AC6000294901EB8000009006E0284800EBC51060
:10AC7000009001E0BDE8FC8F00BF00273AE000989B
:10AC800010F807904FF0000A2EE009F0800028B17C
:10AC9000314640460C9AFCF7FDFE07E00B9828B9B8
:10ACA0001B48314602684046FCF7F4FE4FEA496013
:10ACB0004FEA1069701C86B216484088B04200DC2A
:10ACC000D8E7A6EB0B00A0420AD15E4608F10100CE
:10ACD0001FFA80F80F480088404500DCCAE706E00C
:10ACE0000AF1010000F0FF0ABAF1080FCDDB00BF46
:10ACF000781CC7B201988742C1DB00BFBAE70000E9
:10AD0000B2B9000826BE000816C4000872D10008B7
:10AD1000380000200C0200202DE9FC4F04460D46AF
:10AD200090469946DDE90C7A0B9E04F0FF0B08EB88
:10AD300004001FFA80F809EB05001FFA80F917E0FC
:10AD4000444502DB5C46A81985B24D4500DB15E0A1
:10AD50000020CDE9000A3A78334629462046FFF71D
:10AD60003BFF304606EBD07104EB61018CB27F1CD7
:10AD700038787E2802DC38782028E1DA00BFBDE888
:10AD8000FC8F000000B50246BE2000F02FF8052021
:10AD900000F020F800EE102AB8EE400B9FED0B1BE0
:10ADA00020EE010BBCEEC00B10EE101A88B200F0C2
:10ADB00011F8012000F00EF8FF2000F00BF8002041
:10ADC00000F008F8002000F005F800BD6666666631
:10ADD0006666044001B5BDF800000090BDF80000B3
:10ADE0000149088008BD00000000106001B5BDF8F1
:10ADF00000000090BDF800000149088008BD000077
:10AE0000FEFF0F6002480089024908807047000079
:10AE10000C020020FEFF0F60024A1080921C11807D
:10AE200070470000FEFF0F6000B587B000BF00BF95
:10AE30002C48006840F002002A4908600846006873
:10AE400000F00200019000BF00BF00BF00BF00BFC4
:10AE50000846006840F0100008600846006800F0EE
:10AE60001000019000BF00BF00BF00BF00BF084638
:10AE7000006840F0100008600846006800F010000C
:10AE8000019000BF00BF00BF10200290012003907E
:10AE90000490059002A91448F6F768F84020029043
:10AEA00002A91248F6F762F82020029002A90F4882
:10AEB000F6F75CF800BF012210210B48F6F762F9A3
:10AEC00000BF00BF012240210848F6F75BF900BF30
:10AED00000BF012220210548F6F754F900BF07B052
:10AEE00000BD0000E044025800040258001002585F
:10AEF00000F084FBF6F764F9042302221146F020E7
:10AF000000F07AFC4FF4F070FCF702F94FF4E130F6
:10AF100000F026FDFFF788FF00F020F8FFF710FA99
:10AF2000FBF70EFEFBF730FDFBF702FCFBF7A0FE84
:10AF300000214FF4FA70FCF705F8FBF7C9FF08B9D8
:10AF4000012000E0002004462046FCF753F904E00D
:10AF5000FCF78AFA0120FCF7E1F8F9E71FB50120B8
:10AF600000220323CDE901200093039013460246FB
:10AF70001021400700F04FF8012000220323CDE903
:10AF8000012000930390134602221221480600F08C
:10AF900042F8012000220323CDE901200093039011
:10AFA000134603221221100700F035F80120002279
:10AFB0000323CDE9012000930390134604220F21BF
:10AFC0004FF0605000F027F800200323CDE9003057
:10AFD000029003460522192103904FF0C04000F073
:10AFE0001AF8012000220323CDE9012000930390E9
:10AFF000134606221921500700F00DF80020032304
:10B00000CDE900300290012307221B210390C807DD
:10B0100000F001F81FBD2DE9FF5F04460D461646FE
:10B020001F46DDE910ABDDE90E89F6F753F9012083
:10B030008DF80000F0B28DF801000194E8B28DF8AF
:10B04000080000208DF809008DF80A008DF80B80AB
:10B050008DF80C708DF80D908DF80EA08DF80FB056
:10B060006846F6F709F90420F6F74AF9002004B01B
:10B07000BDE8F09F10B50446240300F095F900F0F8
:10B080002DF907480078002141EA0010401DC2B2A6
:10B090000B462146202000F003FA00F01FF910BDF6
:10B0A0003E00002010B5002400BF1A48806800F060
:10B0B00020000028F9D14FF483701649486100BF81
:10B0C0001448806800F002000028F9D01148C068D8
:10B0D00040F002000F49C8604FF6FF7200212020A7
:10B0E00000F072FA98B9EB2444F4807444F440649C
:10B0F0000948007844EA003444F4404400BF44F472
:10B10000801444F0407444F040640248446100F00C
:10B1100085FA10BD005000523E00002010B50024FA
:10B1200000F07AFA00BF00BF00BF00BF00BFBFF34E
:10B130004F8F00BF00BF00BF00BF00BF00BFBFF305
:10B140006F8F00BF00BF00BF00201949086000BF1B
:10B1500000BF00BFBFF34F8F00BF00BF00BF00BFE5
:10B1600000BF00BFBFF36F8F00BF00BF00BF00BFB5
:10B17000F9F7E6F90F48006820F001000D49086072
:10B180000846006840F0020008604FF6FF72002198
:10B19000202000F019FA04463CB900200549486116
:10B1A0000846006840F001000860204610BD00001D
:10B1B00050EF00E0005000522DE9F04106460D46E8
:10B1C00017460024A5F1E04500F026FA00BF03E091
:10B1D000285D3055601C84B2BC42F9DB00F01EFAD9
:10B1E000BDE8F08170B500240025FFF797FF044605
:10B1F00014B900F033F80546FFF754FF284670BD38
:10B200002DE9F04105460E4617460024FFF786FF5C
:10B21000044624B93A463146284600F069F8FFF75B
:10B2200041FF2046BDE8F08170B505460E46144644
:10B2300009480078C02141EA001040F00C00401C91
:10B24000C2B206233146EB2000F02AF921462846F7
:10B2500000F012F970BD00003E00002038B500F08B
:10B26000EBF8002365221946902000F019F902211D
:10B27000684600F001F99DF801009DF8001040EAD1
:10B2800001244EF61870844202D10320014908704F
:10B29000204638BD3E00002038B50446002000900E
:10B2A0000025012C04D0022C04D0032C06D103E08D
:10B2B000052505E0352503E0152501E0052500BF3E
:10B2C00000BF002341221946284600F0E9F8012179
:10B2D000684600F0D1F89DF8000038BD10B500BFF9
:10B2E0000120FFF7D9FF00F001000028F8D110BDC0
:10B2F0002DE9F05F81460F461646DFF8A8B04FEA09
:10B300001738C7F30B0ACAF58054A64200DC34464E
:10B3100044E04FEA08314FF480525846FFF784FF6B
:10B32000002508E00AEB05001BF80000FF2800D00C
:10B3300003E0681C85B2A542F4DB00BFA54216DA23
:10B340004046FFF797FE002507E019F8050005EBDA
:10B350000A010BF80100681C85B2A542F5DB4FEA33
:10B3600008314FF48052584600F026F804E0224697
:10B370003946484600F020F8A64200D10FE008F117
:10B3800001084FF0000AA1442744301B86B2B6F5ED
:10B39000805F02DD4FF4805400E03446B9E700BF1F
:10B3A000BDE8F09F6802002010B500230122194675
:10B3B000062000F075F810BD2DE9F04107460E4655
:10B3C0001446F0B2C0F58075AC4200DC254612E0B0
:10B3D0002A463146384600F013F8AC4200D10BE063
:10B3E0002F442E44601B84B2B4F5807F02DD4FF4FD
:10B3F000807500E02546EBE700BFBDE8F081000066
:10B4000070B505460E461446FFF7CEFF0948007892
:10B41000C02141EA0010401DC2B200233146322053
:10B4200000F03EF82146284600F0BAF8FFF756FF34
:10B4300070BD00003E00002010B50D480D490860A9
:10B440000120486004210B4881601021C16018214F
:10B4500001614FF400714161012181610021C161ED
:10B460000162F6F72BF808B9002010BD0120FCE7B7
:10B47000005000521C02002070B504460D46681EA4
:10B4800006490968086141F2883221460348F6F707
:10B49000FDF808B9002070BD0120FCE71C02002067
:10B4A000F0B58FB007460D4614461E46019702952B
:10B4B000069604F0030010B90020079013E004F092
:10B4C0000300012802D1000207900CE004F0030001
:10B4D000022802D10002079005E004F003000328CF
:10B4E00001D100020790C4F3810010B90020089038
:10B4F00013E0C4F38100012802D1800208900CE01F
:10B50000C4F38100022802D18002089005E0C4F350
:10B510008100032801D180020890C4F3011010B902
:10B520000020049013E0C4F30110012802D10003AD
:10B5300004900CE0C4F30110022802D1000304902F
:10B5400005E0C4F30110032801D100030490A00911
:10B5500010B900200A9013E00120B0EB941F02D133
:10B5600000060A900CE00220B0EB941F02D1000606
:10B570000A9005E00320B0EB941F01D100060A9069
:10B5800000200E9009900C900D9041F2883201A994
:10B590000248F5F741FF0FB0F0BD00001C0200208B
:10B5A00070B504460D46681E06490968086141F2F7
:10B5B000883221460348F6F7DDF808B9002070BD4F
:10B5C0000120FCE71C02002010B5034600240BE01C
:10B5D00009488068184008B1012000E000200446B6
:10B5E0008C4200D102E0521E002AF1D100BF0AB104
:10B5F000002010BD0120FCE70050005210B5F8F704
:10B6000061FFF8F711FF0348006840F004000149AA
:10B61000086010BD9CEF00E072B6704762B67047DC
:10B6200030B587B00546002400BF6A48006840F086
:10B630000200684908600846006800F002000190B6
:10B6400000BF00BF00BF0846006840F00800086067
:10B650000846006800F00800019000BF00BF00BF6E
:10B660000846006840F0100008600846006800F0D6
:10B670001000019000BF00BF00BF56480C380068A2
:10B6800040F4804053490C3908600846006800F4D3
:10B690008040019000BF00BF402002900220039034
:10B6A00003200590012004900A20069002A94A4830
:10B6B000F5F75CFC042002900920069002A9464898
:10B6C000F5F754FC4FF4605002900920069002A94F
:10B6D0004248F5F74BFC042002900920069002A98D
:10B6E0003F48F5F743FC3B486438006840F480402D
:10B6F0003849643908600846006820F480400860D2
:10B7000000BF3848806800F020000028F9D1364892
:10B7100034490860354848600846006840F0010038
:10B72000086000BF2F48806800F020000028F9D191
:10B730004FF483702B49486100BF2A48806800F0AD
:10B7400002000028F9D02748C06840F002002549CF
:10B75000C86000BF2348806800F020000028F9D1AD
:10B760002049C861EB2444F4807444F44064A81C6C
:10B7700044EA003444F4404400BF44F4801444F0EC
:10B78000407444F04064084644611948006820F45D
:10B7900080301749086016487030006820F00100BA
:10B7A0001349703108600020091D08604FF01040F7
:10B7B000091D08600F48091D086005200C497031FB
:10B7C00008600B48006840F480300949086007B001
:10B7D00030BD0000E044025800040258000C02583A
:10B7E000001002580050005210030001010218001E
:10B7F00024ED00E02D0003032DE9F041CCB080469C
:10B800000D4616461F4600245148006820F00400EB
:10B810004F49086000BF002001904D480C3000687F
:10B8200040F440404A490C3108600846006800F482
:10B83000404001904748006840F0010045490860D9
:10B840000846006800F00100019000BF00BF00BF83
:10B850003F480C30006800F40050B0F5005FF7D1AD
:10B86000212039904FF480303A9000203C90409055
:10B8700001203F9002204290022139A88162CDF838
:10B880001481C56246638763002141640821016415
:10B8900000218164F7F794FA04461CB101204CB0F2
:10B8A000BDE8F0813F20319003203290002033909A
:10B8B0000820349040203690000137904020359089
:10B8C0003890042131A8F6F7A9FF04460CB10120F5
:10B8D000E5E721480290082003904FF4DC710491C1
:10B8E00002210591069107910021089109910A9181
:10B8F000022013902020149000201F9020904FF4DD
:10B900004010239002A8F6F7F9F904460CB1012083
:10B91000C5E70020FFF784FEF5F774FD0F480068C7
:10B9200040F080000D49086000BF0C48F43000680A
:10B9300040F002000949F43108600846006800F050
:10B940000200019000BF00BFF5F706FB0020A6E74C
:10B950000C4802582C040058030004030044025809
:10B9600010B5044609480A490860084644600021A9
:10B970008160C160016181610C214161F8F7F8F8D3
:10B98000012204490248F8F78FF910BD0010014068
:10B9900034010020260000204FF04070E1EE100A34
:10B9A00070470000000001020304010203040607BF
:10B9B0000809000000000000000000000000000076
:10B9C00000003F4000000000000000003000400088
:10B9D00030004000000009000BC03D000BC03D00DE
:10B9E000090018C024407FE0224031800000180088
:10B9F00024C01B000D803240018003801C40274082
:10BA00001C800740004010006000000000000000A3
:10BA100000000000000000001F80204040200000C7
:10BA2000402020401F8000000000090006001F8009
:10BA3000060009000000040004003F800400040028
:10BA40000000001000600000000000000000040082
:10BA50000400040004000400000000000040000096
:10BA6000000000000000002001C006003800400077
:10BA700000001F802040204020401F800000000068
:10BA800010403FC000400000000018C0214022408C
:10BA900024401840000010802040244024401B8097
:10BAA000000002000D0011003FC0014000003C807A
:10BAB000244024402440238000001F802440244050
:10BAC0003440038000003000200027C038002000F0
:10BAD00000001B802440244024401B8000001C00E8
:10BAE00022C0224022401F800000000000000840C9
:10BAF00000000000000000000000046000000000E2
:10BB00000000000004000A001100208040400900ED
:10BB100009000900090009000000000040402080E1
:10BB200011000A000400180020002340240018001F
:10BB300000001F802040274029401F400000004097
:10BB400007C039000F0001C0004020403FC0244022
:10BB500024401B8000001F80204020402040308077
:10BB6000000020403FC0204020401F8000002040B7
:10BB70003FC024402E4030C0000020403FC0244041
:10BB80002E00300000000F00108020402240338043
:10BB9000020020403FC0040004003FC0204020407D
:10BBA00020403FC020402040000000602020202096
:10BBB0003FC02000200020403FC024400B0030C088
:10BBC000204020403FC020400040004000C03FC017
:10BBD0003C0003C03C003FC0000020403FC00C4080
:10BBE00023003FC020001F802040204020401F80B5
:10BBF000000020403FC024402400180000001F80A7
:10BC00002140214020E01FA0000020403FC02440F0
:10BC1000260019C0004018C0244024402240318032
:10BC20000000300020403FC02040300000002000D5
:10BC30003F80004000403F80200020003E0001C0C7
:10BC4000070038002000380007C03C0007C038005B
:10BC50000000204039C0060039C02040000020000C
:10BC6000384007C0384020000000304021C0264046
:10BC7000384020C00000000000007FE0402040204D
:10BC80000000000070000C00038000400000000075
:10BC9000402040207FE00000000000002000400025
:10BCA0002000000000000010001000100010001024
:10BCB0000010000000004000000000000000000034
:10BCC00002800540054003C0004020003FC0044002
:10BCD000044003800000000003800440044006404C
:10BCE000000000000380044024403FC000400000EA
:10BCF00003800540054003400000000004401FC0D1
:10BD0000244024402000000002E005500550065069
:10BD1000042020403FC00440040003C00040000055
:10BD2000044027C000400000000000100010041074
:10BD300027E00000000020403FC00140070004C091
:10BD40000440204020403FC000400040000007C0A9
:10BD5000040007C0040003C00000044007C0044002
:10BD6000040003C00040000003800440044003803E
:10BD70000000041007F0045004400380000000009D
:10BD800003800440045007F00010044007C0024044
:10BD9000040004000000000006400540054004C007
:10BDA0000000000004001F80044000400000040068
:10BDB00007800040044007C000400400070004C0A2
:10BDC000018006000400060001C0070001C0060053
:10BDD0000000044006C0010006C00440000004103A
:10BDE000071004E00180060004000000044005C0C4
:10BDF0000640044000000000000004007BE04020FA
:10BE00000000000000000000FFF000000000000043
:10BE100040207BE004000000000040008000400063
:10BE20002000200040000000000000000000000092
:10BE30000000000000000000000000001FCC000C0B
:10BE40000000000000000000080030006000080052
:10BE5000300060000000022003FC1E20022003FCD2
:10BE60001E200220000000000E1811043FFF108465
:10BE70000C78000000000F0010840F3800C0077815
:10BE800018840078000000780F8410C411240E98E4
:10BE900000E4008400080800680070000000000052
:10BEA00000000000000000000000000007E018187B
:10BEB000200440020000000040022004181807E09F
:10BEC0000000000000000240024001800FF00180ED
:10BED0000240024000000080008000800FF80080D7
:10BEE0000080008000000001000D000E0000000036
:10BEF0000000000000000000008000800080008042
:10BF00000080008000800000000C000C0000000099
:10BF10000000000000000000000600180060018022
:10BF2000060018002000000007F0080810041004A4
:10BF3000080807F000000000080408041FFC0004C3
:10BF400000040000000000000E0C10141024104427
:10BF500011840E0C000000000C18100411041104D0
:10BF600012880C700000000000E003200424082464
:10BF70001FFC0024000000001F981084110411040D
:10BF8000108810700000000007F0088811041104E8
:10BF900018880070000000001C00100010FC130046
:10BFA0001C001000000000000E38114410841084A2
:10BFB00011440E38000000000700088C10441044A3
:10BFC000088807F00000000000000000030C030CCC
:10BFD0000000000000000000000000010106000059
:10BFE000000000000000000000800140022004105A
:10BFF0000808100400000220022002200220022073
:10C000000220022000000000100408080410022092
:10C0100001400080000000000E001200100C106CA7
:10C0200010800F00000003E00C1813E4142417C460
:10C03000082807D000000004003C03C41C4007404F
:10C0400000E4001C000410041FFC1104110411047E
:10C050000E880070000003E00C1810041004100497
:10C0600010081C10000010041FFC10041004100421
:10C07000080807F0000010041FFC1104110417C485
:10C0800010040818000010041FFC1104110017C050
:10C0900010000800000003E00C1810041004104405
:10C0A0001C780040000010041FFC108400800080F9
:10C0B00010841FFC10040000100410041FFC100466
:10C0C00010040000000000030001100110011FFE19
:10C0D00010001000000010041FFC11040380146401
:10C0E000181C1004000010041FFC100400040004BD
:10C0F0000004000C000010041FFC1F0000FC1F00C7
:10C100001FFC1004000010041FFC0C04030000E0DE
:10C1100010181FFC100007F0080810041004100489
:10C12000080807F0000010041FFC10841080108025
:10C1300010800F00000007F0081810241024101CB5
:10C14000080A07F2000010041FFC1104110011C0BE
:10C1500011300E0C000400000E1C11041084108419
:10C1600010441C3800001800100010041FFC1004BC
:10C1700010001800000010001FF810040004000454
:10C1800010041FF8100010001E0011E0001C0070C9
:10C1900013801C0010001FC0103C00E01F0000E0D6
:10C1A000103C1FC000001004180C163401C001C060
:10C1B0001634180C100410001C00130400FC1304A7
:10C1C0001C00100000000804101C106410841304EC
:10C1D0001C04101800000000000000007FFE400258
:10C1E000400240020000000030000C0003800060AC
:10C1F000001C0003000000004002400240027FFEDD
:10C20000000000000000000000002000400040008E
:10C2100040002000000000010001000100010001B9
:10C22000000100010001000040004000200000006B
:10C2300000000000000000000098012401440144B7
:10C24000014400FC000410001FFC008801040104EC
:10C2500000880070000000000070008801040104E4
:10C26000010400880000000000700088010401043F
:10C2700011081FFC0004000000F8014401440144BF
:10C28000014400C800000000010401040FFC110477
:10C29000110411001800000000D60129012901290C
:10C2A00001C90106000010041FFC00840100010008
:10C2B000010400FC000400000104190419FC00043E
:10C2C000000400000000000000030001010119014A
:10C2D00019FE0000000010041FFC0024004001B4FF
:10C2E000010C010400000000100410041FFC0004F5
:10C2F000000400000000010401FC0104010001FC35
:10C300000104010000FC010401FC008401000100A3
:10C31000010400FC0004000000F801040104010411
:10C32000010400F80000010101FF0085010401047F
:10C330000088007000000000007000880104010403
:10C34000010501FF00010104010401FC0084010456
:10C35000010001800000000000CC01240124012420
:10C3600001240198000000000100010007F8010409
:10C37000010400000000010001F8000400040004B2
:10C38000010801FC0004010001800170000C001094
:10C3900001600180010001F0010C003001C000309B
:10C3A000010C01F0010000000104018C0074017017
:10C3B000018C01040000010101810171000E0018CF
:10C3C00001600180010000000184010C013401447E
:10C3D0000184010C000000000000000000000100CA
:10C3E0003EFC400240020000000000000000FFFF91
:10C3F0000000000000000000400240023EFC01007E
:10C40000000000000000000060008000800040008C
:10C41000400020002000000000000000000000009C
:10C42000000000000000000000000000000000000C
:10C4300000000000000000000000000000000000FC
:10C440000000000000000000000F80380FFE380FD1
:10C450008038000000000000000000000000000024
:10C46000000000000100000600000C000038000081
:10C470003100000600000C00003800003000000011
:10C4800000000000000061800067F807F98000618B
:10C49000800061800061800061800067F807F9809A
:10C4A00000618000000000000000000001C0E00307
:10C4B000E0F00630080418081FFFFE040E08078786
:10C4C000F00381E000000000000001F000060C0015
:10C4D000040408060C7001F9C0000E00003BE000E7
:10C4E000EC18070808040C180003E0000000000125
:10C4F000E00007F003F818041C0804170807E1D04F
:10C5000003C0E00023B0003C080020080000100039
:10C5100000000000000100003100003200001C009B
:10C52000000000000000000000000000000000000B
:10C5300000000000000000000000000000000000FB
:10C540000000000000007F0001FFC00780F00C0029
:10C55000181000042000020000000000002000026B
:10C560001000040C00180780F001FFC0007F0000DD
:10C5700000000000000000000000000000000000BB
:10C5800000004200006600006600003C0000180049
:10C5900003FFC0001800003C0000660000660000B9
:10C5A0004200000000000800000800000800000829
:10C5B0000000080001FFC00008000008000008009B
:10C5C0000008000008000000000000010000310029
:10C5D000003200001C00000000000000000000000D
:10C5E0000000000000000000000000000000080043
:10C5F0000008000008000008000008000008000013
:10C60000080000080000080000080000000000000A
:10C610000000000000003800003800003800000072
:10C62000000000000000000000000000000000000A
:10C63000000000000000000600001C000070000167
:10C6400080000E0000380000C0000700001C000041
:10C65000300000000000000000007F8001FFE003C8
:10C660008070060018040008040008060018038003
:10C670007001FFE0007F800000000000000000006B
:10C6800001000801000801000803FFF807FFF80097
:10C690000008000008000008000000000000000082
:10C6A0000001C03802C058040098040118040218A0
:10C6B000040418061C1803F81801E0F80000000034
:10C6C000000000000001C0E003C0F00400080408FE
:10C6D0000804080806180803F41801E7F00001E050
:10C6E000000000000000000000000300000D00003A
:10C6F000110000610000810803010807FFF80FFF27
:10C70000F80001080001080000000000000000E03F
:10C7100007FCD006080806100806100806100806D0
:10C720001838060FF00607C00000000000000000E7
:10C7300000003F8001FFE003843002081804100865
:10C74000041008041008071810030FF00007C000B9
:10C75000000000000000000003C000070000060009
:10C76000000600F80607F806180006E000070000BB
:10C7700006000000000000000001E1E003F7F00601
:10C780003410041808041808040C08040C080616D1
:10C790001803F3F001C1E000000000000000F80001
:10C7A00003FC3003063804020804020804020804EB
:10C7B00004100308F001FFC0007F0000000000002B
:10C7C00000000000000000000000000000007038C1
:10C7D0000070380070380000000000000000000009
:10C7E0000000000000000000000000000000000049
:10C7F0000000301A00301C000000000000000000A3
:10C800000000000000000000000000000008000020
:10C81000140000220000410000808001004002005E
:10C8200020040010080008000000000000002100A3
:10C830000021000021000021000021000021000053
:10C840002100002100002100002100000000000064
:10C850000000000008000804001002002001004051
:10C860000080800041000022000014000008000049
:10C87000000000000003C00004C000040000080025
:10C8800038080F380808380810000C300007E0009E
:10C8900003C000000000000000003F8000FFE00334
:10C8A0008070020F1006708804C088048308047F1B
:10C8B0008802C09003012000FE400000080000181C
:10C8C0000001F8003E0801C20007020007E2000074
:10C8D000FE00001FC80001F8000038000008040036
:10C8E0000807FFF807FFF804080804080804080808
:10C8F00004080806180803F41801E7F00001E00036
:10C900000000000000003F8001FFE0038070020093
:10C9100018040008040008040008040010060020A1
:10C920000780C000000004000807FFF807FFF804B4
:10C930000008040008040008040018020010038026
:10C940007001FFE0007F8000000004000807FFF88E
:10C9500007FFF80408080408080408080408080485
:10C960003E080400080600180100600000000400F2
:10C970000807FFF807FFF804080804080004080087
:10C98000040800043E0006000006000001800000CC
:10C990000000000000003F8001FFE00380700600FF
:10C9A000180400080402080402080203F00783F0D8
:10C9B00000020000020004000807FFF807FFF80467
:10C9C000080800080000080000080000080004082B
:10C9D0000807FFF807FFF804000800000000000047
:10C9E00004000804000804000807FFF807FFF80423
:10C9F0000008040008040008000000000000000017
:10CA0000000000060000070000010400010400010E
:10CA100004000307FFFE07FFFC04000004000004FD
:10CA2000000004000807FFF807FFF8040C080018CE
:10CA300000003E0004C7800503C80600F804003863
:10CA400004001800000804000807FFF807FFF804B6
:10CA500000080000080000080000080000080000AE
:10CA60000800001800006000000004000807FFF83C
:10CA700007800807FC00007FC00003F80007C00023
:10CA8000780007800807FFF807FFF8040008040093
:10CA90000807FFF807000803C00000E000003800A6
:10CAA000001E000007000001C00400F007FFF804AA
:10CAB0000000000000007F8001FFE003807006009E
:10CAC0001804000804000806001803003001FFE005
:10CAD000007F8000000004000807FFF807FFF8044B
:10CAE0000408040400040400040400040400060C08
:10CAF0000003F80001F000000000000000007F804B
:10CB000001FFE00380700600880400880400C80666
:10CB1000003C03003E01FFE6007F840000000400AB
:10CB20000807FFF807FFF8040808040800040C00D1
:10CB3000040F00040BC00610F003F03801E00800F9
:10CB4000000800000001E0F803F03006301004187F
:10CB500008041808040C08040C080206180207F060
:10CB60000781E000000001800006000004000004CE
:10CB7000000004000807FFF807FFF804000804009D
:10CB80000004000006000001800004000007FFE030
:10CB900007FFF0040018000008000008000008006B
:10CBA000000800000804001007FFE0040000040073
:10CBB0000006000007E00007FE00041FE00001F887
:10CBC0000000380001E0043E0007C0000600000439
:10CBD000000004000007E00007FFC0041FF8000782
:10CBE000C007F80007FF80043FF80007C004F80002
:10CBF00007000004000000000004000806001807F9
:10CC0000C07805F1C8003E00001F800463E807807B
:10CC1000F8060018040008000000040000060000E8
:10CC200007800007E008047C08001FF80007F800F0
:10CC3000180804E0080700000600000400000000D7
:10CC4000000100080600380400F80403E8040F0897
:10CC5000047C0805F00807C00807001804006000FD
:10CC600000000000000000000000000000000000C4
:10CC7000003FFFFE200002200002200002200002F0
:10CC80002000020000000000000000000800000773
:10CC9000000000C0000038000006000001C00000D5
:10CCA0003000000E00000100000000000000000045
:10CCB0002000022000022000022000022000023F8B
:10CCC000FFFE000000000000000000000000000067
:10CCD000000000000000000800001000003000000C
:10CCE00020000030000010000008000000000000DC
:10CCF0000000000001000001000001000001000030
:10CD0000010000010000010000010000010000011D
:10CD100000000100000100000000000000000020F1
:10CD200000002000001000001000000000000000C3
:10CD3000000000000000000000000000000000F003
:10CD40000019F8001B18002208002608002408001B
:10CD50002410003FF8001FF8000008000018000031
:10CD60000004000007FFF80FFFF00018180010087B
:10CD7000002008002008003018001FF0000FC0003D
:10CD800000000000000007C0001FF0001830002065
:10CD900008002008002008003C08001C100000606B
:10CDA0000000000000000000000007C0001FF000AD
:10CDB000381800200800200800200804101007FF81
:10CDC000F80FFFF00000100000000000000000005D
:10CDD0000007C0001FF000123000221800220800D7
:10CDE0002208003208001E10000E20000000000083
:10CDF0000000200000200800200801FFF803FFF8D1
:10CE00000620080420080420080720000300000072
:10CE1000000000000000000E000E6E001FF3003145
:10CE2000B10020B10020B1003191001F13002E1E6F
:10CE300000200E00300000000004000807FFF80F7B
:10CE4000FFF8001008002000002000002008003F2C
:10CE5000F8001FF8000008000000000000000000BB
:10CE6000002008002008002008063FF8063FF800D0
:10CE7000000800000800000800000000000000009A
:10CE8000000000000000030000030020010020015A
:10CE9000002003063FFE063FFC00000000000000EB
:10CEA000000000000004000807FFF80FFFF8000171
:10CEB00088000300002FC00038F800203800200848
:10CEC000000008000000000000000000040008044A
:10CED000000804000807FFF80FFFF8000008000032
:10CEE00008000008000000000000002008003FF8D3
:10CEF000003FF8001008002000003FF8003FF80055
:10CF00001008002000003FF8003FF8000008000073
:10CF100000002008003FF8003FF800100800100053
:10CF2000002000002008003FF8001FF80000080063
:10CF300000000000000007C0000FF00018300030B3
:10CF400008002008002008003008001830000FF00A
:10CF50000007C0000000000000002001003FFF00AB
:10CF60003FFF0010110020090020080020080030B9
:10CF700038001FF0000FC00000000000000007C0D4
:10CF8000001FF000381800200800200800200900C9
:10CF90001011001FFF003FFF0000010000000020F3
:10CFA00008002008002008003FF8003FF8000808AB
:10CFB00000100800200800200000300000300000B1
:10CFC0000000000000000000000C78001E18003374
:10CFD000080023080021080021880021980030F073
:10CFE0000038600000000000000020000020000069
:10CFF000200000FFF003FFF80020080020080020B8
:10D0000008000030000000000000000000002000C8
:10D01000003FF0007FF80000180000080000080042
:10D020002010003FF8007FF000001000000000001A
:10D0300000002000003000003C00003F800023F092
:10D04000000078000070002380003C0000300000E9
:10D050002000002000003C00003FE00023F800001A
:10D06000E0002700003E00003FE00021F80001E062
:10D07000003E000020000000000020080020080002
:10D080003838003E680027800003C8002CF80038BC
:10D0900038002018002008000000000000002000D8
:10D0A000003003003C01003F830023EC00007000CF
:10D0B0002380003C00002000002000000000000051
:10D0C000000000000038080020380020F80023E8A5
:10D0D000002F88003E08003808002018000070006B
:10D0E0000000000000000000000000000000000040
:10D0F000000008000014001FF7FC300006200002AA
:10D10000000000000000000000000000000000001F
:10D110000000000000000000FFFFFF000000000012
:10D1200000000000000000000000000000000000FF
:10D130002000023000061FF7FC0014000008000069
:10D1400000000000000000000000000000000000DF
:10D1500000180000600000400000400000200000B7
:10D160001000000800000400000400000C00001083
:10D1700000000000000000000000000000000000AF
:10D18000000000000000000000000000000000009F
:10D19000000000000000000000000000000000008F
:10D1A000000000000000000000000000000000007F
:10D1B000000000000000000000000000000000006F
:10D1C000000000000000000000000000000000005F
:10D1D000000000000000000000000000000000004F
:10D1E000000000000000000000000000000000003F
:10D1F000000000000000000000000000000000002F
:10D200000000000000000000000007F000C007FF61
:10D21000E1E007F001E0000000C0000000000000B5
:10D2200000000000000000000000000000000000FE
:10D2300000000000000000000000000000000000EE
:10D2400000000000000000000000000000000000DE
:10D2500000000000000000000000000000000000CE
:10D2600000000000000000000000000000000000BE
:10D27000000000000000000000000020000001C0CD
:10D280000000078000001F0000001E0000001C209E
:10D29000000001C00000078000001F0000001E0009
:10D2A00000001C0000000000000000000000000062
:10D2B000000000000000000000000000000000006E
:10D2C000000000000000000000000000000000005E
:10D2D000000000000000000000000000000000004E
:10D2E000000000000000000000000000000000003E
:10D2F00000000000000000180C0000180C000018CE
:10D300000FE0001FFC0003F80C0000180C000018D0
:10D310000C0000180C0000180C0000180FE0001F93
:10D32000FC0003F80C0000180C0000180C000000B2
:10D3300000000000000000000000000000000000ED
:10D3400000000000000000000000000000000000DD
:10D3500000000000000000000000000000000000CD
:10D3600000000000000000000000000000000000BD
:10D3700000000000000000000000000007800078AE
:10D3800007C000FC0640010E002003070020020336
:10D3900080200FFFFFFC0201C0200200E06001308E
:10D3A000704001F03F8000F01F000000000000000E
:10D3B000000000000000000000000000000000006D
:10D3C000000000000000000000000000000000005D
:10D3D000000000000000000000000000000000004D
:10D3E000000000000000000000000000000000003D
:10D3F000000000FE000001FF0000030180000200A9
:10D400008060030181C001FF070000FE18000000DA
:10D41000E0000003BF00000CFFC00071806001C18C
:10D420000020030180600000FFC000003F000000FA
:10D4300000000000000000000000000000000000EC
:10D4400000000000000000000000000000000000DC
:10D4500000000000000000000000000000000000CC
:10D4600000000000000000000000000000000000BC
:10D47000000000001F0000007FC000FCC0C001FFD2
:10D4800080600303E0200202782002061E2003FCD5
:10D49000074001F00380000103C000011C6000018F
:10D4A000E020000100200001004000000180000099
:10D4B000000000000000000000000000000000006C
:10D4C000000000000000000000000000000000005C
:10D4D000000000000000000000000000000000004C
:10D4E000000000000000000000000000000000003C
:10D4F000000000000000002000001C6000001C4034
:10D5000000001F8000000F0000000000000000006D
:10D51000000000000000000000000000000000000B
:10D5200000000000000000000000000000000000FB
:10D5300000000000000000000000000000000000EB
:10D5400000000000000000000000000000000000DB
:10D5500000000000000000000000000000000000CB
:10D5600000000000000000000000000000000000BB
:10D5700000000000000000000000000000000000AB
:10D580000000000000000000000000000000000794
:10D59000F800003FFF00007807C001C000E0030072
:10D5A0000030040000080800000410000002000021
:10D5B000000000000000000000000000000000006B
:10D5C000000000000000000000000000000000005B
:10D5D000000000000000000000000000000000004B
:10D5E000000000000000000000000000000000003B
:10D5F0000000000000001000000208000004040009
:10D6000000080300003001C000E0007807C0003FC0
:10D61000FF000007F800000000000000000000000C
:10D6200000000000000000000000000000000000FA
:10D6300000000000000000000000000000000000EA
:10D6400000000000000000000000000000000000DA
:10D6500000000000000000000000000000000000CA
:10D6600000000000000000000000000000000000BA
:10D6700000000000000000000000000C1800000E78
:10D680003800000E38000006300000036000006122
:10D69000438000FFFF80006143000003600000063C
:10D6A0003000000E3800000E3800000C180000009A
:10D6B000000000000000000000000000000000006A
:10D6C000000000000000000000000000000000005A
:10D6D000000000000000000000000000000000004A
:10D6E000000000000000000000000000000000003A
:10D6F00000000000000000000000000080000000AA
:10D700008000000080000000800000008000000019
:10D710008000007FFF00000080000000800000000B
:10D7200080000000800000008000000080000000F9
:10D7300000000000000000000000000000000000E9
:10D7400000000000000000000000000000000000D9
:10D7500000000000000000000000000000000000C9
:10D7600000000000000000000000000000000000B9
:10D7700000000000000000000001000000E30000C5
:10D7800000E2000000FC0000007800000000000043
:10D790000000000000000000000000000000000089
:10D7A0000000000000000000000000000000000079
:10D7B0000000000000000000000000000000000069
:10D7C0000000000000000000000000000000000059
:10D7D0000000000000000000000000000000000049
:10D7E0000000000000000000000000000000000039
:10D7F0000000000000000000800000008000000029
:10D800008000000080000000800000008000000018
:10D810008000000080000000800000008000000008
:10D8200080000000800000008000000080000000F8
:10D8300000000000000000000000000000000000E8
:10D8400000000000000000000000000000000000D8
:10D8500000000000000000000000000000000000C8
:10D8600000000000000000000000000000000000B8
:10D8700000000000000000000000000000C00000E8
:10D8800001E0000001E0000000C000000000000016
:10D890000000000000000000000000000000000088
:10D8A0000000000000000000000000000000000078
:10D8B0000000000000000000000000000000000068
:10D8C0000000000000000000000000000000000058
:10D8D0000000000000000000000000000000000048
:10D8E0000000000000000000000000000000000038
:10D8F0000000000000000000000C000000380000E4
:10D9000000E00000038000000E000000380000006E
:10D91000E00000038000000E00000038000000E07E
:10D920000000038000000E0000001800000000004E
:10D9300000000000000000000000000000000000E7
:10D9400000000000000000000000000000000000D7
:10D9500000000000000000000000000000000000C7
:10D9600000000000000000000000000000000000B7
:10D9700000000000000000000000000FF800007F21
:10D98000FF0000F00780018000C00300006002007B
:10D99000002002000020020000200300006001803F
:10D9A00000C000E00380007FFF00000FF8000000CF
:10D9B0000000000000000000000000000000000067
:10D9C0000000000000000000000000000000000057
:10D9D0000000000000000000000000000000000047
:10D9E0000000000000000000000000000000000037
:10D9F00000000000000000000000000000000080A7
:10DA0000002000800020008000200080006001FFD6
:10DA1000FFE003FFFFE000000060000000200000C6
:10DA200000200000002000000000000000000000B6
:10DA300000000000000000000000000000000000E6
:10DA400000000000000000000000000000000000D6
:10DA500000000000000000000000000000000000C6
:10DA600000000000000000000000000000000000B6
:10DA700000000000000000000000007800E00098B6
:10DA80000160010002600200046002000860020000
:10DA9000106002002060020040600300806001838B
:10DAA000006001FE00E0007C078000000000000034
:10DAB0000000000000000000000000000000000066
:10DAC0000000000000000000000000000000000056
:10DAD0000000000000000000000000000000000046
:10DAE0000000000000000000000000000000000036
:10DAF0000000000000000000000000F0078001F0BE
:10DB000007C00100004002000020020100200201C5
:10DB1000002002010020030380200186804001FCD8
:10DB2000C0C000787F8000001E00000000000000E0
:10DB300000000000000000000000000000000000E5
:10DB400000000000000000000000000000000000D5
:10DB500000000000000000000000000000000000C5
:10DB600000000000000000000000000000000000B5
:10DB70000000000000000000080000003800000065
:10DB800048000001880000060800000C0810003062
:10DB900008100040081001FFFFF003FFFFF003FF33
:10DBA000FFF000000810000008100000081000003E
:10DBB0000000000000000000000000000000000065
:10DBC0000000000000000000000000000000000055
:10DBD0000000000000000000000000000000000045
:10DBE0000000000000000000000000000000000035
:10DBF0000000000000000000000000000780001F7F
:10DC0000864003E1002003020020030400200304F7
:10DC10000020030400200304002003060040030347
:10DC200001C00301FF8003007E000000000000002F
:10DC300000000000000000000000000000000000E4
:10DC400000000000000000000000000000000000D4
:10DC500000000000000000000000000000000000C4
:10DC600000000000000000000000000000000000B4
:10DC7000000000000000000000000007FC00003F62
:10DC8000FF000070C380008180C0010100600302BA
:10DC900000200202002002020020020200200203F3
:10DCA000004001C180C000C0FF8000007E00000075
:10DCB0000000000000000000000000000000000064
:10DCC0000000000000000000000000000000000054
:10DCD0000000000000000000000000000000000044
:10DCE0000000000000000000000000000000000034
:10DCF0000000000000000000000000F0000003C071
:10DD000000000380000003000000030007E00300A0
:10DD10003FE00301C0000306000003180000036099
:10DD2000000003800000030000000000000000006D
:10DD300000000000000000000000000000000000E3
:10DD400000000000000000000000000000000000D3
:10DD500000000000000000000000000000000000C3
:10DD600000000000000000000000000000000000B3
:10DD700000000000000000001F0000783F8000FC51
:10DD800060C0018EC0400307802002030020020112
:10DD90008020020180200201C0200301E0400186B2
:10DDA00070C000FC3F8000781F00000000000000F1
:10DDB0000000000000000000000000000000000063
:10DDC0000000000000000000000000000000000053
:10DDD0000000000000000000000000000000000043
:10DDE0000000000000000000000000000000000033
:10DDF000000000000000003F000000FF81C001C0E3
:10DE0000C1C001006020020020200200202002008A
:10DE1000202002002060020040C00100C18000C13B
:10DE20008F00007FFE00001FF000000000000000D7
:10DE300000000000000000000000000000000000E2
:10DE400000000000000000000000000000000000D2
:10DE500000000000000000000000000000000000C2
:10DE600000000000000000000000000000000000B2
:10DE700000000000000000000000000000000000A2
:10DE800000000000000000000000000300C00007C8
:10DE900081E0000781E0000300C0000000000000F6
:10DEA0000000000000000000000000000000000072
:10DEB0000000000000000000000000000000000062
:10DEC0000000000000000000000000000000000052
:10DED0000000000000000000000000000000000042
:10DEE0000000000000000000000000000000000032
:10DEF0000000000000000000000000000000000022
:10DF0000000000000000000000000006006600069F
:10DF10000078000000000000000000000000000089
:10DF200000000000000000000000000000000000F1
:10DF300000000000000000000000000000000000E1
:10DF400000000000000000000000000000000000D1
:10DF500000000000000000000000000000000000C1
:10DF600000000000000000000000000000000000B1
:10DF70000000000000000000000000008000000120
:10DF8000C0000003600000063000000C18000018FC
:10DF90000C00003006000060030000C0018001009A
:10DFA00000400200002004000010000000000000FB
:10DFB0000000000000000000000000000000000061
:10DFC0000000000000000000000000000000000051
:10DFD0000000000000000000000000000000000041
:10DFE0000000000000000000000000000000000031
:10DFF00000000000000000041000000410000004F5
:10E0000010000004100000041000000410000004C0
:10E0100010000004100000041000000410000004B0
:10E0200010000004100000041000000410000000A4
:10E0300000000000000000000000000000000000E0
:10E0400000000000000000000000000000000000D0
:10E0500000000000000000000000000000000000C0
:10E0600000000000000000000000000000000000B0
:10E07000000000000000000000000400001002008A
:10E0800000200100004000C001800060030000305B
:10E09000060000180C00000C1800000630000003F9
:10E0A00060000001C00000008000000000000000CF
:10E0B0000000000000000000000000000000000060
:10E0C0000000000000000000000000000000000050
:10E0D0000000000000000000000000000000000040
:10E0E0000000000000000000000000000000000030
:10E0F000000000000000000000000078000001F8AF
:10E1000000000238000002000000040000C004000B
:10E1100079E0040081E0040100C004030000020271
:10E1200000000306000001FC000000F800000000F1
:10E1300000000000000000000000000000000000DF
:10E1400000000000000000000000000000000000CF
:10E1500000000000000000000000000000000000BF
:10E1600000000000000000000000000000000000AF
:10E17000000000000000000FF800003FFE000070EB
:10E18000078000C000C00101F8400307FC20021E08
:10E1900004200230082002203020023FFC20013FF2
:10E1A000044001800CC000E03180001FC20000006C
:10E1B000000000000000000000000000000000005F
:10E1C000000000000000000000000000000000004F
:10E1D000000000000000000000000000000000003F
:10E1E000000000000000000000000000000000002F
:10E1F00000000000002000000060000003E00000BC
:10E200003E200003E020003E200003E020000380C9
:10E21000200007FC2000003FE0000003FE2000007B
:10E220003FE0000001E000000020000000200000AE
:10E2300000000000000000000000000000000000DE
:10E2400000000000000000000000000000000000CE
:10E2500000000000000000000000000000000000BE
:10E2600000000000000000000000000000000000AE
:10E27000000000000000020000200200002003FF58
:10E28000FFE003FFFFE00201002002010020020185
:10E29000002002010020020100200303002001866B
:10E2A000806001FCC0C000F87F8000001F000000FB
:10E2B000000000000000000000000000000000005E
:10E2C000000000000000000000000000000000004E
:10E2D000000000000000000000000000000000003E
:10E2E000000000000000000000000000000000002E
:10E2F0000000000000000007F800003FFF00007071
:10E30000078000C000C001000040030000200200A0
:10E310000020020000200200002002000020010076
:10E320000040018000C003C00180003006000000F2
:10E3300000000000000000000000000000000000DD
:10E3400000000000000000000000000000000000CD
:10E3500000000000000000000000000000000000BD
:10E3600000000000000000000000000000000000AD
:10E37000000000000000020000200200002003FF57
:10E38000FFE003FFFFE00200002002000020020087
:10E390000020020000200300006001000040018016
:10E3A00000C000F00780007FFE00000FF8000000B2
:10E3B000000000000000000000000000000000005D
:10E3C000000000000000000000000000000000004D
:10E3D000000000000000000000000000000000003D
:10E3E000000000000000000000000000000000002D
:10E3F000000000000000020000200200002003FFD7
:10E40000FFE003FFFFE00201002002010020020103
:10E410000020020100200201002002038020020FE0
:10E42000E0200300006003C000E000600300000083
:10E4300000000000000000000000000000000000DC
:10E4400000000000000000000000000000000000CC
:10E4500000000000000000000000000000000000BC
:10E4600000000000000000000000000000000000AC
:10E47000000000000000020000200200002003FF56
:10E48000FFE003FFFFE00201002002010020020183
:10E49000000002010000020100000201000002036E
:10E4A0008000030FE0000300000003C000000060D4
:10E4B000000000000000000000000000000000005C
:10E4C000000000000000000000000000000000004C
:10E4D000000000000000000000000000000000003C
:10E4E000000000000000000000000000000000002C
:10E4F0000000000000000007F800003FFE00007070
:10E50000078001C001C0010000400300002002009C
:10E510000020020000200200002001002020010055
:10E52000204003C03F8000303F80000020000000FA
:10E5300020000000000000000000000000000000BB
:10E5400000000000000000000000000000000000CB
:10E5500000000000000000000000000000000000BB
:10E5600000000000000000000000000000000000AB
:10E570000000020000200200002003FFFFE003FF74
:10E58000FFE00200802002008020000080000000E8
:10E59000800000008000020080200200802003FF35
:10E5A000FFE003FFFFE00200002002000020000067
:10E5B000000000000000000000000000000000005B
:10E5C000000000000000000000000000000000004B
:10E5D000000000000000000000000000000000003B
:10E5E000000000000000000000000000000000002B
:10E5F0000000000000000000000000000000020019
:10E60000002002000020020000200200002003FF82
:10E61000FFE003FFFFE002000020020000200200F4
:10E6200000200200002000000000000000000000A8
:10E6300000000000000000000000000000000000DA
:10E6400000000000000000000000000000000000CA
:10E6500000000000000000000000000000000000BA
:10E6600000000000000000000000000000000000AA
:10E670000000000000000000000E0000000F00007D
:10E68000000F000000010200000102000001020072
:10E6900000030200000603FFFFFC03FFFFF8020077
:10E6A0000000020000000200000002000000000064
:10E6B000000000000000000000000000000000005A
:10E6C000000000000000000000000000000000004A
:10E6D000000000000000000000000000000000003A
:10E6E000000000000000000000000000000000002A
:10E6F000000000000000020000200200002003FFD4
:10E70000FFE003FFFFE00200C0200201002000073D
:10E710008000000FE0000030F80002603E2003801F
:10E720000F20030003E0020000E0020000200000D0
:10E7300000200000000000000000000000000000B9
:10E7400000000000000000000000000000000000C9
:10E7500000000000000000000000000000000000B9
:10E7600000000000000000000000000000000000A9
:10E77000000000000000020000200200002003FF53
:10E78000FFE003FFFFE00200002002000020000085
:10E7900000200000002000000020000000200000F9
:10E7A000002000000060000000E000000300000006
:10E7B0000000000000000000000000000000000059
:10E7C0000000000000000000000000000000000049
:10E7D0000000000000000000000000000000000039
:10E7E0000000000000000000000000000000000029
:10E7F0000000020000200200002003FFFFE003E011
:10E80000002003FF0020001FF0000001FF80000037
:10E810000FE000001E000003E000003E002003E0C7
:10E82000002003FFFFE003FFFFE0020000200200E2
:10E8300000200000000000000000000000000000B8
:10E8400000000000000000000000000000000000C8
:10E8500000000000000000000000000000000000B8
:10E8600000000000000000000000000000000000A8
:10E870000000020000200200002003FFFFE00380F0
:10E88000002003F0002000FC0000001F0000000733
:10E89000C0000001F00000007C0002001F800200A8
:10E8A00007E003FFFFE0020000000200000000009C
:10E8B0000000000000000000000000000000000058
:10E8C0000000000000000000000000000000000048
:10E8D0000000000000000000000000000000000038
:10E8E0000000000000000000000000000000000028
:10E8F000000000000000000FF800003FFE0000F0E4
:10E900000780018000C001000040020000200200DA
:10E9100000200200002002000020010000400180D1
:10E9200000C000F00380003FFE00000FF800000070
:10E9300000000000000000000000000000000000D7
:10E9400000000000000000000000000000000000C7
:10E9500000000000000000000000000000000000B7
:10E9600000000000000000000000000000000000A7
:10E97000000000000000020000200200002003FF51
:10E98000FFE003FFFFE00200802002008020020081
:10E99000800002008000020080000200800003016D
:10E9A00080000183000000FE0000007C00000000E9
:10E9B0000000000000000000000000000000000057
:10E9C0000000000000000000000000000000000047
:10E9D0000000000000000000000000000000000037
:10E9E0000000000000000000000000000000000027
:10E9F000000000000000000FF800007FFF0000F0A2
:10EA00000380018001C001000640020004200200D2
:10EA1000042002000620020003E0010000F801804B
:10EA2000005C00E0038C003FFF0C000FFC180000AE
:10EA300000000000000000000000000000000000D6
:10EA400000000000000000000000000000000000C6
:10EA500000000000000000000000000000000000B6
:10EA600000000000000000000000000000000000A6
:10EA7000000000000000020000200200002003FF50
:10EA8000FFE003FFFFE0020100200201002002017D
:10EA900080000201E0000201FC0003033F800186C8
:10EAA00007E001FC00E000F800200000002000006A
:10EAB0000000000000000000000000000000000056
:10EAC0000000000000000000000000000000000046
:10EAD0000000000000000000000000000000000036
:10EAE0000000000000000000000000000000000026
:10EAF000000000000000000000000078060000FE9A
:10EB000001E0018600C0030300400203002002016F
:10EB10008020020180200201C0200200C0200100EC
:10EB2000E060018070C003E03F8000001F00000033
:10EB300000000000000000000000000000000000D5
:10EB400000000000000000000000000000000000C5
:10EB500000000000000000000000000000000000B5
:10EB600000000000000000000000000000000000A5
:10EB700000000000000000600000038000000300AF
:10EB8000000002000000020000200200002003FF3D
:10EB9000FFE003FFFFE0020000200200002002006F
:10EBA0000000020000000380000000E00000000000
:10EBB0000000000000000000000000000000000055
:10EBC0000000000000000000000000000000000045
:10EBD0000000000000000000000000000000000035
:10EBE0000000000000000000000000000000000025
:10EBF0000000020000000200000003FFFF0003FF0E
:10EC0000FFC0020000400200006000000020000081
:10EC10000020000000200000002002000040020050
:10EC2000008003FFFF00020000000200000000005F
:10EC300000000000000000000000000000000000D4
:10EC400000000000000000000000000000000000C4
:10EC500000000000000000000000000000000000B4
:10EC600000000000000000000000000000000000A4
:10EC7000000000000000020000000200000003C0CD
:10EC8000000003FC0000023FC0000003F800000089
:10EC90007F80000007E0000007800000780002038A
:10ECA000C000023C000003C000000200000002009F
:10ECB0000000000000000000000000000000000054
:10ECC0000000000000000000000000000000000044
:10ECD0000000000000000000000000000000000034
:10ECE0000000000000000000000000000000000024
:10ECF00000000200000003C0000003FF8000023F8C
:10ED0000FE0002007FE000000F000200F00003EFB1
:10ED1000000003FF8000020FFE0000003FE0000043
:10ED20001F000207E00003F80000030000000200DB
:10ED300000000000000000000000000000000000D3
:10ED400000000000000000000000000000000000C3
:10ED500000000000000000000000000000000000B3
:10ED600000000000000000000000000000000000A3
:10ED700000000000000002000020020000200380CC
:10ED800000E003F0032002FC0C20021F300000070B
:10ED9000C0000007F00002187C0002601F20038002
:10EDA00003E0020000E0020000200000002000005C
:10EDB0000000000000000000000000000000000053
:10EDC0000000000000000000000000000000000043
:10EDD0000000000000000000000000000000000033
:10EDE0000000000000000000000000000000000023
:10EDF000000000000000020000000300000003C04B
:10EE0000000003F80000023E0020020FC0200001B5
:10EE1000FFE000007FE000038020021C0020027061
:10EE2000000003800000020000000200000000005B
:10EE300000000000000000000000000000000000D2
:10EE400000000000000000000000000000000000C2
:10EE500000000000000000000000000000000000B2
:10EE600000000000000000000000000000000000A2
:10EE700000000000000000000020006000E00380AF
:10EE800003E003000FA002003E200200F82002036E
:10EE9000E020020F8020023E00200278002003E0E4
:10EEA0000060038000E0020003000000000000009A
:10EEB0000000000000000000000000000000000052
:10EEC0000000000000000000000000000000000042
:10EED0000000000000000000000000000000000032
:10EEE0000000000000000000000000000000000022
:10EEF0000000000000000000000000000000000012
:10EF0000000000000000000000001FFFFFFC1000D8
:10EF100000041000000410000004100000041000A1
:10EF200000041000000410000004000000000000B5
:10EF300000000000000000000000000000000000D1
:10EF400000000000000000000000000000000000C1
:10EF500000000000000000000000000000000000B1
:10EF600000000000000000000000000000000000A1
:10EF7000000000000000000000000000000007008A
:10EF8000000003C0000000780000001E0000000325
:10EF9000C0000000F00000001E000000078000001C
:10EFA00000F00000003C000000060000000000002F
:10EFB0000000000000000000000000000000000051
:10EFC0000000000000000000000000000000000041
:10EFD0000000000000000000000000000000000031
:10EFE0000000000000000000000000000000000021
:10EFF00000000000000000000000100000041000ED
:10F0000000041000000410000004100000041000B0
:10F010000004100000041FFFFFFC000000000000BF
:10F0200000000000000000000000000000000000E0
:10F0300000000000000000000000000000000000D0
:10F0400000000000000000000000000000000000C0
:10F0500000000000000000000000000000000000B0
:10F0600000000000000000000000000000000000A0
:10F070000000000000000000000000000000000090
:10F08000000002000000040000000800000018005A
:10F09000000010000000180000001800000004002C
:10F0A000000002000000000000000000000000005E
:10F0B0000000000000000000000000000000000050
:10F0C0000000000000000000000000000000000040
:10F0D0000000000000000000000000000000000030
:10F0E0000000000000000000000000000000000020
:10F0F000000000000001000000010000000100000D
:10F1000000010000000100000001000000010000FB
:10F1100000010000000100000001000000010000EB
:10F1200000010000000100000001000000010000DB
:10F1300000010000000000000000000000000000CE
:10F1400000000000000000000000000000000000BF
:10F1500000000000000000000000000000000000AF
:10F16000000000000000000000000000000000009F
:10F17000000000000000000000000000000010007F
:10F18000000010000000100000001800000008003F
:10F19000000004000000000000000000000000006B
:10F1A000000000000000000000000000000000005F
:10F1B000000000000000000000000000000000004F
:10F1C000000000000000000000000000000000003F
:10F1D000000000000000000000000000000000002F
:10F1E000000000000000000000000000000000001F
:10F1F0000000000000000000038000018FC0000339
:10F200008C60000618200004102000041020000468
:10F21000202000042040000620400003FFC0000121
:10F22000FFE00000002000000020000000C00000FF
:10F2300000000000000000000000000000000000CE
:10F2400000000000000000000000000000000000BE
:10F2500000000000000000000000000000000000AE
:10F26000000000000000000000000000000000009E
:10F27000000000000000020000000200000003FF88
:10F28000FFE007FFFFC0000180C000020060000235
:10F2900000200004002000040020000400200006DC
:10F2A0000040000300C00001FF800000FE000000DD
:10F2B000000000000000000000000000000000004E
:10F2C000000000000000000000000000000000003E
:10F2D000000000000000000000000000000000002E
:10F2E000000000000000000000000000000000001E
:10F2F0000000000000000000000000007E0000018F
:10F30000FF80000381C000020040000600200004CE
:10F31000002000040020000400200006002000035C
:10F32000C0400001C0800000030000000000000099
:10F3300000000000000000000000000000000000CD
:10F3400000000000000000000000000000000000BD
:10F3500000000000000000000000000000000000AD
:10F36000000000000000000000000000000000009D
:10F370000000000000000000000000007E0000010E
:10F38000FF80000380C0000600600004002000042D
:10F39000002000040020020400400202008003FF5D
:10F3A000FFE007FFFFC00000004000000040000039
:10F3B000000000000000000000000000000000004D
:10F3C000000000000000000000000000000000003D
:10F3D000000000000000000000000000000000002D
:10F3E000000000000000000000000000000000001D
:10F3F0000000000000000000000000007E0000018E
:10F40000FF80000311C000021040000410600004DF
:10F41000102000041020000410200006102000031B
:10F4200010400001F0C0000071000000000000006A
:10F4300000000000000000000000000000000000CC
:10F4400000000000000000000000000000000000BC
:10F4500000000000000000000000000000000000AC
:10F46000000000000000000000000000000000009C
:10F470000000000000000000000000040000000484
:10F4800000200004002000040020007FFFE001FFB6
:10F49000FFE0010400200304002002040020020415
:10F4A0000020020400000200000001C0000001C0B2
:10F4B000000000000000000000000000000000004C
:10F4C000000000000000000000000000000000003C
:10F4D000000000000000000000000000000000002C
:10F4E000000000000000000000000000000000001C
:10F4F000000000000000000000000000001C0000F0
:10F50000E33E0003FFC200020CC3000404C1000478
:10F5100004C1000404C1000404C100060CC10003BE
:10F52000F8C30005F0620006007E0006003C000003
:10F5300000000000000000000000000000000000CB
:10F5400000000000000000000000000000000000BB
:10F5500000000000000000000000000000000000AB
:10F56000000000000000000000000000000000009B
:10F57000000000000000020000200200002003FF45
:10F58000FFE007FFFFE0000100200002002000066E
:10F590000000000400000004000000040020000639
:10F5A00000200003FFE00001FFE000000020000059
:10F5B000002000000000000000000000000000002B
:10F5C000000000000000000000000000000000003B
:10F5D000000000000000000000000000000000002B
:10F5E000000000000000000000000000000000001B
:10F5F0000000000000000000000000000000000407
:10F6000000200004002000040020000400200387E4
:10F61000FFE0038FFFE003800020000000200000D7
:10F62000002000000020000000000000000000009A
:10F6300000000000000000000000000000000000CA
:10F6400000000000000000000000000000000000BA
:10F6500000000000000000000000000000000000AA
:10F66000000000000000000000000000000000009A
:10F67000000000000000000000000000000000008A
:10F680000006000000070000000100000001000467
:10F6900000010004000100040003000400060387C9
:10F6A000FFFC038FFFF80380000000000000000053
:10F6B000000000000000000000000000000000004A
:10F6C000000000000000000000000000000000003A
:10F6D000000000000000000000000000000000002A
:10F6E000000000000000000000000000000000001A
:10F6F000000000000000020000200200002003FFC4
:10F70000FFE007FFFFE000000820000010200000DD
:10F7100030000000FC0000058E00000707A0000676
:10F7200001E0000400E000040020000000200000D0
:10F7300000000000000000000000000000000000C9
:10F7400000000000000000000000000000000000B9
:10F7500000000000000000000000000000000000A9
:10F760000000000000000000000000000000000099
:10F770000000000000000000000000000000020087
:10F78000002002000020020000200200002003FFF1
:10F79000FFE007FFFFE00000002000000020000065
:10F7A0000020000000200000000000000000000019
:10F7B0000000000000000000000000000000000049
:10F7C0000000000000000000000000000000000039
:10F7D0000000000000000000000000000000000029
:10F7E0000000000000000000000000000000000019
:10F7F000000000000000000400200007FFE0000FF0
:10F80000FFE00002002000040000000400200007C8
:10F81000FFE00003FFE000020020000400000004FD
:10F8200000200007FFE00003FFE0000000200000D0
:10F8300000000000000000000000000000000000C8
:10F8400000000000000000000000000000000000B8
:10F8500000000000000000000000000000000000A8
:10F860000000000000000000000000000000000098
:10F870000000000000000004002000040020000739
:10F88000FFE0000FFFE00001002000020020000266
:10F890000000000400000004000000040020000636
:10F8A00000200003FFE00001FFE000000020000056
:10F8B0000020000000000000000000000000000028
:10F8C0000000000000000000000000000000000038
:10F8D0000000000000000000000000000000000028
:10F8E0000000000000000000000000000000000018
:10F8F0000000000000000000000000007E0000008A
:10F90000FF80000381C000020040000600200004C8
:10F910000020000400200004002000060020000257
:10F920000040000381C00001FF8000007E00000055
:10F9300000000000000000000000000000000000C7
:10F9400000000000000000000000000000000000B7
:10F9500000000000000000000000000000000000A7
:10F960000000000000000000000000000000000097
:10F970000000000000000004000100040001000776
:10F98000FFFF000FFFFF000100C100020041000463
:10F9900000200004002000040020000400200006D5
:10F9A0000040000301C00001FF8000007E00000055
:10F9B0000000000000000000000000000000000047
:10F9C0000000000000000000000000000000000037
:10F9D0000000000000000000000000000000000027
:10F9E0000000000000000000000000000000000017
:10F9F0000000000000000000000000007E00000188
:10FA0000FF80000380C000020060000400200004AA
:10FA10000020000400200004002000020041000338
:10FA200000C10003FFFF0007FFFF0000000100000E
:10FA300000010000000000000000000000000000C5
:10FA400000000000000000000000000000000000B6
:10FA500000000000000000000000000000000000A6
:10FA60000000000000000000000000000000000096
:10FA7000000000000000000400200004002000043A
:10FA8000002000040020000FFFE0000FFFE0000056
:10FA9000C020000100200002002000060020000419
:10FAA0000000000400000007000000030000000048
:10FAB0000000000000000000000000000000000046
:10FAC0000000000000000000000000000000000036
:10FAD0000000000000000000000000000000000026
:10FAE0000000000000000000000000000000000016
:10FAF00000000000000000000000000003E0000122
:10FB0000C0E00003E0400006302000043020000484
:10FB10001820000418200004182000040C20000203
:10FB20000C60000307C00007838000000000000095
:10FB300000000000000000000000000000000000C5
:10FB400000000000000000000000000000000000B5
:10FB500000000000000000000000000000000000A5
:10FB60000000000000000000000000000000000095
:10FB7000000000000000000000000004000000047D
:10FB8000000000040000000C0000001FFF8000FFC8
:10FB9000FFC00004006000040020000400200004F6
:10FBA0000020000400400000018000000000000070
:10FBB0000000000000000000000000000000000045
:10FBC0000000000000000000000000000000000035
:10FBD0000000000000000000000000000000000025
:10FBE0000000000000000000000000000000000015
:10FBF00000000000000000040000000400000007F6
:10FC0000FF80000FFFC00000006000000020000027
:10FC1000002000000020000000200004004000043C
:10FC200000800007FFE0000FFFC000000040000060
:10FC30000040000000000000000000000000000084
:10FC400000000000000000000000000000000000B4
:10FC500000000000000000000000000000000000A4
:10FC60000000000000000000000000000000000094
:10FC70000000000000000004000000040000000775
:10FC800080000007F0000004FE0000041FC0000018
:10FC900003E00000038000001C0000046000000777
:10FCA00080000006000000040000000000000000CA
:10FCB0000000000000000000000000000000000044
:10FCC0000000000000000000000000000000000034
:10FCD0000000000000000000000000000000000024
:10FCE0000000000000000000000000000000000014
:10FCF000000000040000000600000007C00000072C
:10FD0000FC0000043F80000003E000040F800006B8
:10FD1000F0000007F0000007FF8000040FE0000083
:10FD2000038000043C000007C0000006000000043F
:10FD300000000000000000000000000000000000C3
:10FD400000000000000000000000000000000000B3
:10FD500000000000000000000000000000000000A3
:10FD60000000000000000000000000000000000093
:10FD7000000000000000000000200004002000043B
:10FD80000060000700E0000783200007E600000491
:10FD9000F80000003C0000045E20000587A000067B
:10FDA00001E00004006000040020000000200000CA
:10FDB0000000000000000000000000000000000043
:10FDC0000000000000000000000000000000000033
:10FDD0000000000000000000000000000000000023
:10FDE0000000000000000000000000000000000013
:10FDF00000000000000000040000000400030007F1
:10FE000000030007E0010004F80100041F020000E5
:10FE100007FC000000E000000700000438000007B5
:10FE2000C000000600000004000000040000000004
:10FE300000000000000000000000000000000000C2
:10FE400000000000000000000000000000000000B2
:10FE500000000000000000000000000000000000A2
:10FE60000000000000000000000000000000000092
:10FE70000000000000000000000000078060000695
:10FE800000E0000403E0000407A000040E200004CA
:10FE90003C20000470200005E020000780200007BF
:10FEA0000060000400E0000003800000000000008B
:10FEB0000000000000000000000000000000000042
:10FEC0000000000000000000000000000000000032
:10FED0000000000000000000000000000000000022
:10FEE0000000000000000000000000000000000012
:10FEF0000000000000000000000000000000000002
:10FF000000000000000000000000000000000000F1
:10FF10008000000080000001400007FE3FF808005C
:10FF200000041000000210000002000000000000A9
:10FF300000000000000000000000000000000000C1
:10FF400000000000000000000000000000000000B1
:10FF500000000000000000000000000000000000A1
:10FF60000000000000000000000000000000000091
:10FF70000000000000000000000000000000000081
:10FF80000000000000000000000000000000000071
:10FF90000000FFFFFFFF0000000000000000000065
:10FFA0000000000000000000000000000000000051
:10FFB0000000000000000000000000000000000041
:10FFC0000000000000000000000000000000000031
:10FFD0000000000000000000000000000000000021
:10FFE0000000000000000000000000000000000011
:10FFF00000000000000000000000100000021000DF
:020000040801F1
:1000000000020800000407FE3FF800014000000065
:1000100080000000800000000000000000000000E0
:1000200000000000000000000000000000000000D0
:1000300000000000000000000000000000000000C0
:1000400000000000000000000000000000000000B0
:1000500000000000000000000000000000000000A0
:100060000000000000000000000000000000000090
:1000700000000000000018000000300000004000F8
:1000800000004000000040000000200000003000A0
:100090000000080000000400000002000000020050
:1000A0000000020000000C0000001800000000002A
:1000B0000000000000000000000000000000000040
:1000C0000000000000000000000000000000000030
:1000D0000000000000000000000000000000000020
:1000E0000000000000000000000000000000000010
:1000F00000000040008008000800020000800100AD
:1001000000104B6D0600C6775614560556455665C9
:1001100056255605561556379633C66246666E4CBA
:1001200000000000C48B0000FC23FE3320182602D0
:1001300024032CF12C116010FE1320102014201C1D
:1001400020302000200098980000FE7E30667C7EE3
:10015000FC62847E9400947FB408B46E686ECC68B0
:10016000807CFE4700000000D1530001B019181137
:100170000013FE3F00020006F807180E301BA039DE
:10018000C060F0433E1E04080000019010001021E2
:10019000B031FC1340004000FC77FC17E010B011B8
:1001A0001C130C12003CFE670000000010620000EF
:1001B00058004C004400FE3F40304C304C3F683FFC
:1001C000783330323022722EDA6E8E4304009F5222
:1001D00060006000607E6018FE1966186618661878
:1001E0004618441AC43E84710C011C07000000002C
:1001F000D46B00008020C020C020CE20DC20F03E48
:10020000C030C020C020C020C022C63EC6787C209E
:1002100000005B8D00008001FE7F2664FA1F6006EF
:10022000F81FFC3FFC7F381CFE7F9009100960031B
:10023000383E00105390000018019021FE376030C6
:10024000FC03FC030C73FC330C33FC330C33FC3326
:10025000003CFE4700004C5D000080018431FC3F03
:10026000FC3F202260327E7FC6331032303E303277
:1002700028326C3EC63200006551000400060003BF
:1002800080018001C001400360026006300C380C20
:100290001C380E700460000000000F5F0000D000EA
:1002A000D800C800FE7FFC7FC000403F403F600C8C
:1002B000600C200CB20F1E7C0E600000AF820000AC
:1002C00020042004FE7F2004200400048001C834A0
:1002D000CC340424066410641004F0070000477254
:1002E00000006018601860186018FE1FFC1F0018DE
:1002F0000018F01F101010101030102010601000A7
:10030000FB7C3C00F83F00033006700CC01F180354
:100310001C0CFE3F800098089C188670800300002B
:100320000000DF7E000060102010FE334024406C8F
:1003300088788C19FE33D03CD07CD000900C927918
:100340001E430002BE8B0020F03110191001100373
:100350001E760012F81318119011F014601CF0387A
:100360009E1702040000A18B2000203020182008D6
:100370002000FE776018201820182018201E201C4E
:100380002018201020000000B97000010001FC01BD
:1003900000010001F81F081008100810F81F0000E5
:1003A0004C346426666200000000AE4E00008001FE
:1003B000FE3F0000F00FF80FF80FF00FFE7FFE7FFA
:1003C000C263E0076006620C7E3800204B8D180087
:1003D000FC7DDE441854FE555854585578555855F0
:1003E00048754839E82DCE67064002000000FD80C0
:1003F00040084C187C326063C67F7E00183F402363
:100400004C3F7823603F403F42237E27002200007C
:10041000685180018003C0026006381C1E78F66FA8
:1004200080018001F81F800180018001FC3F0000F5
:100430000000FD56FC3FFE7F0660F66F8661866118
:10044000F66F8661E661A661F66F06600660FE7F64
:100450000420000027598001800180018001FE7F77
:10046000FE7F80018001C00360063006381C1C3806
:10047000066000000000665B000018039831B019A8
:10048000FC3FFE7F0660F00FF00FC000FC3FFE7FD8
:1004900080008000800300031F7500008001801928
:1004A00080118031FC3F806180418001F81F800114
:1004B00080018001FC7FFE7F000035750001000196
:1004C000F03FF83F08210821F83F08210821F83FB4
:1004D000F83F00210201FE01FC000000505B00001B
:1004E000FC3F3800600080018001FE7FFE7F8001BC
:1004F0008001800180018001000700000000E14FC1
:1005000040086018FE170030FC33FC730050FC53A9
:100510000010FC1304130413FC1304130010000058
:100520006F60000000030007F81F0818F81F081884
:10053000F81F0818F81F80008C2C866C126CF0478E
:100540000000E55D0000FC3FFC3F80018001800170
:10055000800180018001800180018001FE7FFE7F9B
:10056000000000000B7A0000FC1CFE798619861939
:10057000FE7D007C0018FE3D303E307AFE5830187B
:100580003018FF1B0018806220102010FE11FE7D25
:10059000207C2010FC1D8C1C8C70D85070107010AA
:1005A000F8108E73020200002F67900198018C01F1
:1005B0008001FE7FC003E007E007B00D98198C3181
:1005C000866180418001000000001B520000040C85
:1005D000040C241BA431A460247F2433243324334B
:1005E00024372436843084119C1F0800B065000035
:1005F0000E0C7E3F607F60226036FF7F647F640C5C
:10060000E47F642C443E446FC44CC41884105C4F97
:100610000000C00CC0188019FE19403B407E7C7859
:100620004058401840187E18401840184018401094
:10063000C1540000F00F100810081008F00F00005F
:100640007E7E7E7E4662466246627E7E4662000016
:1006500000000963000060102010FE11FE7B661B85
:1006600060104010FE1F88709851D0117010FC105F
:100670008E7700222E9510107C337C3F7E63FE42E5
:10068000143A7C3710317C7910377E33303B90330D
:10069000FE2600000000324E80018001F81F881104
:1006A0008811F81F8001FC3FFC3F8C31FC3FFC3F70
:1006B0008001800100000000E3530000FC1F0C30AB
:1006C0000C300C300C300C300C300C300C300C304A
:1006D000FC3F0C300000000000000A4E000000014A
:1006E0000001000100010001FC0100010001000106
:1006F000000100010001FE7FFE7F00004D4F401809
:1007000060186018FE330030087118731851981182
:1007100090119010B010FE17FE13001000003A6701
:100720000018F8189818987E987C9818983C983C6F
:10073000987E9879985918191A1B0E1A0000000013
:100740000B4E0000FE7FFE7F0001000100016001F2
:10075000300118010C01000100010001000100003E
:1007600000007065200C202D600FFE7F7E1CCC3EAB
:10077000CC6DEC08687F38133832381F7C0DC67892
:10078000000000006E630010FC110411047FFC7F68
:100790003011301FFE1B3073FC53C6128612FE163A
:1007A000FE3480000000585B000000030003FE3FA1
:1007B00000060004FC1D1C1830382078FE1B201891
:1007C00020182018E0184000A85030103012FE32D7
:1007D00034323C70FE7E10767C36FC36C4377C3674
:1007E00044377C36643040000000FB8B20206030B2
:1007F000FE132000FE030671B411B0122013301155
:10080000FE1F6018DC30861300020000D653000083
:10081000FC7F7E336433643F64332C332C3F383F9A
:100820003833B8333C7F6663C2030002000099513D
:100830000000FE7F0660066C000CF80F0008000C3C
:10084000FC0F0C00CC3FEC3F08003800000000001B
:100850003159800180098019F81FFC3F80218021D7
:10086000FE7FFE7FC003600230061E1C0E7000007B
:100870000000258D2000203F207F7E634C6BCC6BD9
:10088000CC6B6C6B286B386B381C30167C33C661B4
:1008900080000000005F0000FC3F200620062006CC
:1008A0002006FE7FFE7F20062004200C200C20184E
:1008B000203020000000CB59000060106010C010F4
:1008C0008C7C8C7DFE270025002CFC6D84398419DE
:1008D000841DFC35846184415C5000006018FE1763
:1008E0000030F8330C73FC730050FE170214FC1335
:1008F000601060106010E0104000626B000080002B
:100900008000800080008018FC18801880188018F3
:10091000801880188018FE7FFE7F00009E5800001F
:1009200088118810FE132613AE7FBA7F2613FE139C
:10093000FC11FC11041DFC710441FC010401A052D6
:10094000000800083C087C7F643F6419641964193E
:100950006419641164117C317C63646600000000DA
:10096000CF5168006C006C40FC6F2038E40B2C0801
:10097000AC1BB83AB82AB06BBA5B6A58CE300000EC
:100980000000115C800180018001B00D9C198E3146
:1009900086218061980130016000C001800F003C19
:1009A000000000003C5060086018FE1F6010F83323
:1009B0000C73FC730C13FC13FC13FC13FC13FE17D9
:1009C000FE1700100000906EFE23FE372016FC0676
:1009D000FC668436FC068406FC343034B424B66DE0
:1009E000366B605A600000001D5200000018FE09BE
:1009F000FE01667C663C660C661B463E447E445A9D
:100A0000C41884188C191C1B000016534008C00C15
:100A1000C418C618CC38D838F078C018C019C01F10
:100A2000C018C218C6187E1800000000535F80016D
:100A30008C118C19981990098001FC3F04000C005E
:100A4000FC3F04000400FC3F0C00040000004D5279
:100A5000000030043006FE7FFE7F04006C3F6C21F6
:100A60006C3F6C336C336C3F2C210C211C2708220B
:100A7000B672200C680C6C4C646C602CFE0F600C21
:100A8000601C703C506CD84C880D8C0D060F000813
:100A900000000160000000010003FE7FE007600627
:100AA000300E181B0E71006088058C3406243264E9
:100AB000F0470000497B000020107E3FCC6C8C4545
:100AC000F81F80018001FEFF3000FC3FFC3F300C2E
:100AD0003004F0004000855F000060086018FC33BF
:100AE0006060604CFE1FFE1B1830FE771851981195
:100AF00098111810381000108C5B00000001800164
:100B0000FE7F0660F66FF00F0000FE7FFE7F40065E
:100B10004004400C46187C7000603031323334356C
:100B20003637383941424344454640305800303129
:100B30003233343536373839616263646566403044
:100B4000780004000008000000000000000200011E
:100B500000001000740B0108000000206C00000071
:100B6000D4020008E00B01086C000020AC1C00005F
:100B7000F00200080000000000000000000000007B
:100B800000000000000000000090D0030090D0039F
:100B90000000000000000000000000000000000055
:100BA000100000000100000000F80000FFFF00003E
:100BB00017EF020000040258000402580000025817
:100BC00000080258000002580000025800080258AD
:100BD00000000258000000000000000000000000BB
:040000050800034D9F
:00000001FF
